Title,Date
"Good Girls: Season 2: King","5/21/20"
"Good Girls: Season 2: Jeff","5/20/20"
"Rick and Morty: Season 4: The Vat of Acid Episode","5/20/20"
"Good Girls: Season 2: Hunting Season","5/19/20"
"Good Girls: Season 2: This Land Is Your Land","5/19/20"
"Good Girls: Season 2: One Last Time","5/19/20"
"The Last Dance: Season 1: Episode X","5/18/20"
"The Last Dance: Season 1: Episode IX","5/18/20"
"Good Girls: Season 2: Thelma and Louise","5/17/20"
"Good Girls: Season 2: The Dubby","5/17/20"
"The Midnight Gospel: Season 1: Officers and Wolves","5/17/20"
"Rick and Morty: Season 4: Promortyus","5/17/20"
"Patriot Act with Hasan Minhaj: Volume 6: What Happens If You Can't Pay Rent?","5/17/20"
"Good Girls: Season 2: Take Off Your Pants","5/16/20"
"Good Girls: Season 2: Everything Must Go","5/16/20"
"Good Girls: Season 2: Pick Your Poison","5/15/20"
"Good Girls: Season 2: You Have Reached the Voicemail of Leslie Peterson","5/14/20"
"Good Girls: Season 2: Slow Down, Children at Play","5/14/20"
"Good Girls: Season 2: I'd Rather Be Crafting","5/13/20"
"The Last Dance: Season 1: Episode VIII","5/13/20"
"The Last Dance: Season 1: Episode VII","5/13/20"
"Better Call Saul: Season 5: Something Unforgivable","5/12/20"
"Better Call Saul: Season 5: Bad Choice Road","5/12/20"
"The Midnight Gospel: Season 1: Taste of the King","5/12/20"
"Better Call Saul: Season 5: Bagman","5/11/20"
"Better Call Saul: Season 5: JMM","5/11/20"
"Better Call Saul: Season 5: Wexler v. Goodman","5/11/20"
"Better Call Saul: Season 5: Dedicado A Max","5/10/20"
"Better Call Saul: Season 5: Namaste","5/10/20"
"Better Call Saul: Season 5: The Guy For This","5/10/20"
"Better Call Saul: Season 5: 50% Off","5/10/20"
"Better Call Saul: Season 5: Magic Man","5/10/20"
"Better Call Saul: Season 4: Winner","5/9/20"
"Too Hot to Handle: Season 1: Extra Hot: The Reunion","5/9/20"
"Better Call Saul: Season 4: Wiedersehen","5/8/20"
"Better Call Saul: Season 4: Coushatta","5/8/20"
"Better Call Saul: Season 4: Something Stupid","5/8/20"
"Middleditch & Schwartz: Season 1: Dream Job","5/8/20"
"Better Call Saul: Season 4: Piñata","5/8/20"
"Better Call Saul: Season 4: Quite a Ride","5/7/20"
"Better Call Saul: Season 4: Talk","5/7/20"
"Middleditch & Schwartz: Season 1: Law School Magic","5/7/20"
"Better Call Saul: Season 4: Something Beautiful","5/6/20"
"Better Call Saul: Season 4: Breathe","5/6/20"
"Middleditch & Schwartz: Season 1: Parking Lot Wedding","5/6/20"
"Better Call Saul: Season 4: Smoke","5/5/20"
"The Last Dance: Season 1: Episode VI","5/5/20"
"The Last Dance: Season 1: Episode V","5/4/20"
"Better Call Saul: Season 3: Lantern","5/3/20"
"Better Call Saul: Season 3: Fall","5/3/20"
"Better Call Saul: Season 3: Slip","5/3/20"
"Better Call Saul: Season 3: Expenses","5/2/20"
"Better Call Saul: Season 3: Off Brand","5/2/20"
"Hollywood: Season 1: Hooray for Hollywood: Part 2","5/2/20"
"Hollywood: Season 1: Hooray for Hollywood","5/1/20"
"Better Call Saul: Season 3: Chicanery","4/30/20"
"Better Call Saul: Season 3: Sabrosito","4/30/20"
"Night on Earth: Limited Series: Moonlit Plains","4/30/20"
"Better Call Saul: Season 3: Sunk Costs","4/30/20"
"Better Call Saul: Season 3: Witness","4/29/20"
"Better Call Saul: Season 3: Mabel","4/29/20"
"Our Planet - Behind The Scenes","4/29/20"
"The Last Dance: Season 1: Episode IV","4/28/20"
"The Last Dance: Season 1: Episode III","4/28/20"
"The Last Dance: Season 1: Episode II","4/27/20"
"The Last Dance: Season 1: Episode I","4/27/20"
"Our Planet: Season 1: Forests","4/27/20"
"Better Call Saul: Season 2: Klick","4/26/20"
"Better Call Saul: Season 2: Nailed","4/26/20"
"Extraction","4/26/20"
"Better Call Saul: Season 2: Fifi","4/26/20"
"Better Call Saul: Season 2: Inflatable","4/26/20"
"Our Planet: Season 1: Fresh Water","4/26/20"
"Better Call Saul: Season 2: Bali Ha'i","4/25/20"
"Better Call Saul: Season 2: Rebecca","4/25/20"
"Better Call Saul: Season 2: Gloves Off","4/25/20"
"Our Planet: Season 1: The High Seas","4/25/20"
"Better Call Saul: Season 2: Amarillo","4/23/20"
"Better Call Saul: Season 2: Cobbler","4/23/20"
"Our Planet: Season 1: From Deserts to Grasslands","4/23/20"
"Friends: Season 10: The Last One: Part 1 & Part 2","4/22/20"
"Friends: Season 10: The One with Rachel's Going Away Party","4/22/20"
"Our Planet: Season 1: Coastal Seas","4/22/20"
"Friends: Season 10: The One Where Estelle Dies","4/21/20"
"Friends: Season 10: The One with Princess Consuela","4/21/20"
"Friends: Season 10: The One Where Joey Speaks French","4/21/20"
"Too Hot to Handle: Season 1: Lust or Bust","4/20/20"
"Too Hot to Handle: Season 1: Sisters over Misters","4/20/20"
"Too Hot to Handle: Season 1: The Bryce Isn't Right","4/20/20"
"Too Hot to Handle: Season 1: Boys to Men","4/20/20"
"Friends: Season 10: The One with Phoebe's Wedding","4/20/20"
"Too Hot to Handle: Season 1: Two's Company, Three's a ... Threesome","4/19/20"
"Too Hot to Handle: Season 1: Revenge Is a Dish Best Served Hot","4/19/20"
"Too Hot to Handle: Season 1: When Harry Met Francesca","4/19/20"
"Too Hot to Handle: Season 1: Love, Sex or Money","4/19/20"
"Friends: Season 10: The One Where the Stripper Cries","4/19/20"
"Better Call Saul: Season 2: Switch","4/19/20"
"Better Call Saul: Season 1: Marco","4/18/20"
"Better Call Saul: Season 1: Pimento","4/17/20"
"Better Call Saul: Season 1: Rico","4/17/20"
"Better Call Saul: Season 1: Bingo","4/16/20"
"Better Call Saul: Season 1: Five-O","4/15/20"
"Better Call Saul: Season 1: Alpine Shepherd Boy","4/15/20"
"Better Call Saul: Season 1: Hero","4/14/20"
"Better Call Saul: Season 1: Nacho","4/14/20"
"Better Call Saul: Season 1: Mijo","4/13/20"
"Better Call Saul: Season 1: Uno","4/13/20"
"Friends: Season 10: The One Where Chandler Gets Caught","4/13/20"
"Money Heist: Part 4: The Paris Plan","4/10/20"
"Money Heist: Part 4: Strike the Tent","4/10/20"
"Money Heist: Part 4: TKO","4/9/20"
"Money Heist: Part 4: 5 Minutes Earlier","4/9/20"
"Money Heist: Part 4: Pasodoble","4/8/20"
"Money Heist: Part 4: Anatomy Lesson","4/8/20"
"Money Heist: Part 4: Berlin's Wedding","4/4/20"
"Money Heist: Part 4: Game Over","4/4/20"
"Ozark: Season 3: All In","4/3/20"
"Ozark: Season 3: Fire Pink","4/2/20"
"Ozark: Season 3: BFF","4/2/20"
"Ozark: Season 3: In Case of Emergency","4/1/20"
"Ozark: Season 3: Su Casa Es Mi Casa","4/1/20"
"Formula 1: Drive to Survive: Season 2: Lights Out","3/31/20"
"Ozark: Season 3: It Came From Michoacán","3/31/20"
"Ozark: Season 3: Boss Fight","3/31/20"
"Ozark: Season 3: Kevin Cronin Was Here","3/30/20"
"Ozark: Season 3: Civil Union","3/29/20"
"Ozark: Season 3: Wartime","3/29/20"
"Elite: Season 3: Polo","3/28/20"
"Elite: Season 3: Nadia and Omar","3/28/20"
"Elite: Season 3: Rebeca","3/28/20"
"Elite: Season 3: Ander","3/28/20"
"Elite: Season 3: Lu","3/28/20"
"Elite: Season 3: Cayetana and Valerio","3/26/20"
"Elite: Season 3: Samuel and Guzmán","3/26/20"
"Elite: Season 3: Carla","3/25/20"
"Friends: Season 10: The One with the Birth Mother","3/24/20"
"On My Block: Season 3: Chapter Twenty-Eight","3/19/20"
"On My Block: Season 3: Chapter Twenty-Seven","3/19/20"
"On My Block: Season 3: Chapter Twenty-Six","3/18/20"
"On My Block: Season 3: Chapter Twenty-Five","3/18/20"
"On My Block: Season 3: Chapter Twenty-Four","3/17/20"
"On My Block: Season 3: Chapter Twenty-Three","3/17/20"
"On My Block: Season 3: Chapter Twenty-Two","3/17/20"
"On My Block: Season 3: Chapter Twenty-One","3/16/20"
"Narcos: Mexico: Season 2: Free Trade","3/16/20"
"Friends: Season 10: The One with the Late Thanksgiving","3/15/20"
"Narcos: Mexico: Season 2: Growth, Prosperity, and Liberation","3/13/20"
"Paradise PD: Part 2: Operation DD","3/12/20"
"Paradise PD: Part 2: Paradise PD Meets Brickleberry","3/12/20"
"Paradise PD: Part 2: Flip the Vote","3/11/20"
"Paradise PD: Part 2: The Father, the Son and the Post-it Note","3/11/20"
"Paradise PD: Part 2: Who Ate Wally's Waffles","3/10/20"
"Paradise PD: Part 2: Tucker Carlson Is a Huge D**k","3/10/20"
"Paradise PD: Part 2: Big Ball Energy","3/9/20"
"Friends: Season 10: The One with The Home Study","3/9/20"
"Friends: Season 10: The One with Ross's Grant","3/8/20"
"Paradise PD: Part 2: Paradise Found","3/8/20"
"Narcos: Mexico: Season 2: Se Cayó El Sistema","3/7/20"
"Narcos: Mexico: Season 2: Truth and Reconciliation","3/7/20"
"Narcos: Mexico: Season 2: El Dedazo","3/6/20"
"Narcos: Mexico: Season 2: AFO","3/5/20"
"Friends: Season 10: The One Where Rachel's Sister Babysits","3/5/20"
"I Am Not Okay With This: Season 1: Deepest, Darkest Secret","3/2/20"
"I Am Not Okay With This: Season 1: Like Father, Like Daughter","3/2/20"
"I Am Not Okay With This: Season 1: Another Day in Paradise","3/2/20"
"I Am Not Okay With This: Season 1: Stan by Me","3/2/20"
"I Am Not Okay With This: Season 1: The Party's Over","2/28/20"
"I Am Not Okay With This: Season 1: The Master of One F**k","2/28/20"
"I Am Not Okay With This: Season 1: Dear Diary...","2/28/20"
"Narcos: Mexico: Season 2: The Big Dig","2/24/20"
"Narcos: Mexico: Season 2: Ruben Zuno Arce","2/23/20"
"Narcos: Mexico: Season 2: Alea lacta Est","2/23/20"
"Narcos: Mexico: Season 2: Salva El Tigre","2/21/20"
"The Circle: Season 1: Finale","2/20/20"
"The Circle: Season 1: The Last Rating","2/20/20"
"The Circle: Season 1: Declare Your Rival","2/20/20"
"The Circle: Season 1: Instant Block","2/20/20"
"The Circle: Season 1: The Player I'm Saving Is ...","2/19/20"
"The Circle: Season 1: Picking Teams","2/19/20"
"The Circle: Season 1: Anonymous Trolling","2/18/20"
"The Circle: Season 1: Sliding into DMs","2/17/20"
"The Circle: Season 1: Planting Doubt","2/17/20"
"The Circle: Season 1: There's a Catfish Among Us","2/16/20"
"The Circle: Season 1: Face-to-Face","2/16/20"
"The Circle: Season 1: Hello, Circle","2/12/20"
"BoJack Horseman: Season 6: Nice While It Lasted","2/9/20"
"BoJack Horseman: Season 6: The View from Halfway Down","2/9/20"
"BoJack Horseman: Season 6: Angela","2/9/20"
"BoJack Horseman: Season 6: The Horny Unicorn","2/9/20"
"BoJack Horseman: Season 6: Xerox of a Xerox","2/8/20"
"BoJack Horseman: Season 6: Sunk Cost and All That","2/8/20"
"BoJack Horseman: Season 6: Good Damage","2/7/20"
"BoJack Horseman: Season 6: Intermediate Scene Study w/ BoJack Horseman","2/7/20"
"You: Season 2: Love, Actually","2/3/20"
"You: Season 2: P.I. Joe","2/3/20"
"You: Season 2: Fear and Loathing in Beverly Hills","2/2/20"
"The Good Place: Season 4: Whenever You're Ready","2/2/20"
"Uncut Gems","2/2/20"
"You: Season 2: Ex-istential Crisis","2/2/20"
"You: Season 2: Farewell, My Bunny","2/1/20"
"You: Season 2: Have a Good Wellkend, Joe!","2/1/20"
"You: Season 2: The Good, the Bad, & the Hendy","1/31/20"
"You: Season 2: What Are Friends For?","1/28/20"
"You: Season 2: Just the Tip","1/26/20"
"You: Season 2: A Fresh Start","1/26/20"
"Friends: Season 10: The One with the Cake","1/26/20"
"Sex Education: Season 2: Episode 8","1/25/20"
"Friends: Season 10: The One with Ross's Tan","1/25/20"
"Sex Education: Season 2: Episode 7","1/24/20"
"Sex Education: Season 2: Episode 6","1/24/20"
"The Good Place: Season 4: Patty","1/24/20"
"Sex Education: Season 2: Episode 5","1/23/20"
"Sex Education: Season 2: Episode 4","1/21/20"
"The Good Place: Season 4: Mondays, Am I Right?","1/21/20"
"Sex Education: Season 2: Episode 3","1/20/20"
"Sex Education: Season 2: Episode 2","1/20/20"
"Sex Education: Season 2: Episode 1","1/19/20"
"You: Season 1: Bluebeard's Castle","1/19/20"
"You: Season 1: Candace","1/18/20"
"You: Season 1: You Got Me, Babe","1/18/20"
"You: Season 1: Everythingship","1/18/20"
"You: Season 1: Amour Fou","1/17/20"
"You: Season 1: Living with the Enemy","1/16/20"
"You: Season 1: The Captain","1/16/20"
"The Good Place: Season 4: You've Changed, Man","1/16/20"
"You: Season 1: Maybe","1/15/20"
"You: Season 1: The Last Nice Guy in New York","1/15/20"
"You: Season 1: Pilot","1/12/20"
"Sex Education: Season 1: Episode 8","1/11/20"
"Sex Education: Season 1: Episode 7","1/11/20"
"Sex Education: Season 1: Episode 6","1/11/20"
"Sex Education: Season 1: Episode 5","1/11/20"
"Sex Education: Season 1: Episode 4","1/9/20"
"Sex Education: Season 1: Episode 3","1/8/20"
"Sex Education: Season 1: Episode 2","1/7/20"
"Sex Education: Season 1: Episode 1","1/6/20"
"The Good Place: Season 4: The Answer","1/4/20"
"The Good Place: Season 4: The Funerals To End All Funerals","1/4/20"
"The Good Place: Season 4: Help is Other People","1/3/20"
"The Good Place: Season 4: A Chip Driver Mystery","1/3/20"
"Ozark: Season 2: The Gold Coast","1/2/20"
"The Good Place: Season 4: Employee of the Bearimy","1/2/20"
"The Good Place: Season 4: Tinker, Tailor, Demon, Spy","1/2/20"
"Marriage Story","1/1/20"
"Ozark: Season 2: The Badger","1/1/20"
"The Neighbor: Season 1: Episode 1","1/1/20"
"Ozark: Season 2: The Big Sleep","1/1/20"
"Ozark: Season 2: One Way Out","1/1/20"
"The Good Place: Season 4: Chillaxing","1/1/20"
"The Good Place: Season 4: A Girl From Arizona - Part 2","1/1/20"
"Ozark: Season 2: Outer Darkness","12/30/19"
"6 Underground","12/30/19"
"Dear White People: Volume 3: Chapter X","12/30/19"
"Dear White People: Volume 3: Chapter IX","12/30/19"
"The Good Place: Season 4: A Girl From Arizona - Part 1","12/30/19"
"Dear White People: Volume 3: Chapter VIII","12/29/19"
"Ozark: Season 2: Game Day","12/29/19"
"Dear White People: Volume 3: Chapter VII","12/27/19"
"Atypical: Season 3: Searching for Brown Sugar Man","12/27/19"
"Atypical: Season 3: Sam Takes a Walk","12/27/19"
"Dear White People: Volume 3: Chapter VI","12/26/19"
"Ozark: Season 2: Stag","12/25/19"
"Ozark: Season 2: Once a Langmore...","12/25/19"
"Dear White People: Volume 3: Chapter V","12/24/19"
"The Witcher: Season 1: Much More","12/24/19"
"The Witcher: Season 1: Before a Fall","12/24/19"
"The Witcher: Season 1: Rare Species","12/24/19"
"The Witcher: Season 1: Bottled Appetites","12/23/19"
"The Witcher: Season 1: Of Banquets, Bastards and Burials","12/23/19"
"Dear White People: Volume 3: Chapter IV","12/22/19"
"The Witcher: Season 1: Betrayer Moon","12/22/19"
"Atypical: Season 3: Road Rage Paige","12/22/19"
"Atypical: Season 3: Shrinkage","12/22/19"
"The Witcher: Season 1: Four Marks","12/22/19"
"The Witcher: Season 1: The End’s Beginning","12/22/19"
"Patriot Act with Hasan Minhaj: Volume 5: How America Is Causing Global Obesity","12/22/19"
"Patriot Act with Hasan Minhaj: Volume 5: Why We Can't Retire","12/20/19"
"Ozark: Season 2: The Precious Blood of Jesus","12/18/19"
"Dear White People: Volume 3: Chapter III","12/16/19"
"Ozark: Season 2: Reparations","12/16/19"
"Bo Burnham: Make Happy","12/16/19"
"Bo Burnham: what.","12/12/19"
"Atypical: Season 3: The Essence of a Penguin","12/8/19"
"Atypical: Season 3: Only Tweed","12/8/19"
"Atypical: Season 3: Y.G.A.G.G.","12/8/19"
"Patriot Act with Hasan Minhaj: Volume 5: Don't Ignore the Asian Vote in 2020","12/8/19"
"Louis C.K.: Hilarious","12/6/19"
"Dear White People: Volume 3: Chapter II","12/3/19"
"Final Space: Season 2: The Sixth Key","12/1/19"
"Patriot Act with Hasan Minhaj: Volume 5: Why Billionaires Won't Save Us","12/1/19"
"Final Space: Season 2: The Descent Into Darkness","11/30/19"
"Final Space: Season 2: The Set Up","11/30/19"
"Final Space: Season 2: The Lost Spy","11/28/19"
"Final Space: Season 2: The Closer You Get","11/28/19"
"Final Space: Season 2: The Remembered","11/25/19"
"Final Space: Season 2: The First Times They Met","11/25/19"
"Final Space: Season 2: Arachnitects","11/25/19"
"Final Space: Season 2: The Notorious Mrs. Goodspeed","11/24/19"
"Final Space: Season 2: The Other Side","11/24/19"
"Patriot Act with Hasan Minhaj: Volume 5: The Ugly Truth of Fast Fashion","11/24/19"
"Final Space: Season 2: The Grand Surrender","11/24/19"
"Final Space: Season 2: The Happy Place","11/24/19"
"Final Space: Season 2: The Toro Regatta","11/24/19"
"The Dragon Prince: Season 3: The Final Battle","11/23/19"
"The Dragon Prince: Season 3: Dragonguard","11/23/19"
"The Dragon Prince: Season 3: Hearts of Cinder","11/23/19"
"The Dragon Prince: Season 3: Thunderfall","11/23/19"
"The Dragon Prince: Season 3: Heroes and Masterminds","11/23/19"
"The Dragon Prince: Season 3: The Midnight Desert","11/23/19"
"The Dragon Prince: Season 3: Ghost","11/23/19"
"The Dragon Prince: Season 3: The Crown","11/23/19"
"The Dragon Prince: Season 3: Sol Regem","11/22/19"
"Dear White People: Volume 3: Chapter I","11/17/19"
"Patriot Act with Hasan Minhaj: Volume 5: Trump's Worst Policy: Killing Asylum","11/17/19"
"Patriot Act with Hasan Minhaj: Volume 5: Mental Health","11/17/19"
"Between Two Ferns: The Movie","11/16/19"
"Atypical: Season 3: Cocaine Pills and Pony Meat","11/10/19"
"The End of the F***ing World: Season 2: Episode 8","11/9/19"
"The End of the F***ing World: Season 2: Episode 7","11/9/19"
"The End of the F***ing World: Season 2: Episode 6","11/9/19"
"The End of the F***ing World: Season 2: Episode 5","11/9/19"
"The End of the F***ing World: Season 2: Episode 4","11/9/19"
"The End of the F***ing World: Season 2: Episode 3","11/9/19"
"The End of the F***ing World: Season 2: Episode 2","11/9/19"
"The End of the F***ing World: Season 2: Episode 1","11/9/19"
"Elite: Season 2: 0 hours missing","11/9/19"
"Elite: Season 2: 84 hours missing","11/8/19"
"Elite: Season 2: 66 hours missing","11/8/19"
"Elite: Season 2: 63 hours missing","11/6/19"
"Elite: Season 2: 59 hours missing","11/5/19"
"Atypical: Season 3: Standing Sam","11/5/19"
"Elite: Season 2: 36 hours missing","11/4/19"
"Atypical: Season 3: Best Laid Plans","11/4/19"
"BoJack Horseman: Season 6: A Quick One, While He's Away","11/3/19"
"BoJack Horseman: Season 6: The Face of Depression","11/3/19"
"Jack Whitehall: Travels with My Father: Season 3: Episode 2","11/3/19"
"BoJack Horseman: Season 6: The Kidney Stays in the Picture","11/3/19"
"BoJack Horseman: Season 6: A Little Uneven, Is All","11/3/19"
"Elite: Season 2: 34 hours missing","11/2/19"
"BoJack Horseman: Season 6: Surprise!","11/2/19"
"BoJack Horseman: Season 6: Feel-Good Story","11/2/19"
"BoJack Horseman: Season 6: The New Client","11/2/19"
"BoJack Horseman: Season 6: A Horse Walks into a Rehab","11/2/19"
"Daybreak: Season 1: FWASH-BOOOOOOOOOOOOOOOOOOOOOOOOOM!","11/2/19"
"Daybreak: Season 1: Josh vs. the Apocalypse: Part 2","11/1/19"
"Daybreak: Season 1: Post Mates","11/1/19"
"Daybreak: Season 1: Canta Tu Vida","11/1/19"
"Daybreak: Season 1: 5318008","11/1/19"
"Daybreak: Season 1: Homecoming Redux or My So Called Stunt Double Life","11/1/19"
"Disenchantment: Part 2: Tiabeanie Falls","10/29/19"
"Disenchantment: Part 2: The Electric Princess","10/29/19"
"Daybreak: Season 1: MMMMMMM-HMMMMMM","10/28/19"
"Daybreak: Season 1: The Slime Queenpin of Glendale, CA","10/28/19"
"Disenchantment: Part 2: In Her Own Write","10/28/19"
"Daybreak: Season 1: Schmuck Bait!","10/27/19"
"Daybreak: Season 1: Josh vs. the Apocalypse: Part 1","10/27/19"
"Disenchantment: Part 2: Love's Slimy Embrace","10/27/19"
"Disenchantment: Part 2: The Dreamland Job","10/24/19"
"Disenchantment: Part 2: Our Bodies, Our Elves","10/24/19"
"Elite: Season 2: 20 hours missing","10/21/19"
"Disenchantment: Part 2: The Lonely Heart Is a Hunter","10/21/19"
"Orange Is the New Black: Season 7: Here's Where We Get Off","10/20/19"
"Orange Is the New Black: Season 7: The Big House","10/20/19"
"Orange Is the New Black: Season 7: God Bless America","10/19/19"
"Disenchantment: Part 2: The Very Thing","10/19/19"
"Orange Is the New Black: Season 7: The Thirteenth","10/18/19"
"Orange Is the New Black: Season 7: The Hidey Hole","10/16/19"
"Orange Is the New Black: Season 7: Baker's Dozen","10/15/19"
"Orange Is the New Black: Season 7: Me as Well","10/14/19"
"Orange Is the New Black: Season 7: Trapped in an Elevator","10/13/19"
"Orange Is the New Black: Season 7: Minority Deport","10/13/19"
"El Camino: A Breaking Bad Movie","10/13/19"
"Orange Is the New Black: Season 7: How to Do Life","10/12/19"
"Orange Is the New Black: Season 7: And Brown Is the New Orange","10/12/19"
"Orange Is the New Black: Season 7: Just Desserts","10/11/19"
"Orange Is the New Black: Season 7: Beginning of the End","10/8/19"
"Dear White People: Volume 2: Chapter X","10/7/19"
"Dear White People: Volume 2: Chapter IX","10/7/19"
"Dear White People: Volume 2: Chapter VIII","10/7/19"
"Dear White People: Volume 2: Chapter VII","10/6/19"
"Dear White People: Volume 2: Chapter VI","10/6/19"
"Disenchantment: Part 2: Stairway to Hell","10/5/19"
"Disenchantment: Part 2: The Disenchantress","10/5/19"
"Dear White People: Volume 2: Chapter V","10/1/19"
"Archer: Season 10: Robert De Niro","10/1/19"
"Archer: Season 10: Cubert","10/1/19"
"Archer: Season 10: Space Pirates","10/1/19"
"Archer: Season 10: Road Trip","9/30/19"
"Archer: Season 10: Mr. Deadly Goes To Town","9/29/19"
"Archer: Season 10: Dining With The Zarglorp","9/29/19"
"Jack Whitehall: Travels with My Father: Season 3: Episode 1","9/28/19"
"Archer: Season 10: The Leftovers","9/27/19"
"Glitch: Season 3: Mum","9/26/19"
"GLOW: Season 3: A Very GLOW Christmas","9/22/19"
"GLOW: Season 3: The Libertines","9/22/19"
"GLOW: Season 3: Keep Ridin'","9/22/19"
"GLOW: Season 3: Hollywood Homecoming","9/21/19"
"GLOW: Season 3: Outward Bound","9/21/19"
"GLOW: Season 3: Freaky Tuesday","9/21/19"
"GLOW: Season 3: Say Yes","9/21/19"
"GLOW: Season 3: Desert Pollen","9/21/19"
"Patriot Act with Hasan Minhaj: Volume 4: The Real Cost of Cruises","9/21/19"
"MINDHUNTER: Season 2: Episode 9","9/21/19"
"MINDHUNTER: Season 2: Episode 8","9/20/19"
"Archer: Season 10: Happy Borthday","9/18/19"
"Archer: Season 10: Bort the Garj","9/18/19"
"MINDHUNTER: Season 2: Episode 7","9/16/19"
"MINDHUNTER: Season 2: Episode 6","9/16/19"
"Patriot Act with Hasan Minhaj: Volume 4: The Two Sides of Canada","9/16/19"
"MINDHUNTER: Season 2: Episode 5","9/16/19"
"Patriot Act with Hasan Minhaj: Volume 4: The Broken Policing System","9/15/19"
"MINDHUNTER: Season 2: Episode 4","9/15/19"
"MINDHUNTER: Season 2: Episode 3","8/20/19"
"GLOW: Season 3: Hot Tub Club","8/19/19"
"Patriot Act with Hasan Minhaj: Volume 4: Why Your Public Transportation Sucks","8/19/19"
"GLOW: Season 3: Up, Up, Up","8/18/19"
"MINDHUNTER: Season 2: Episode 2","8/18/19"
"MINDHUNTER: Season 2: Episode 1","8/16/19"
"Dear White People: Volume 2: Chapter IV","8/12/19"
"Dear White People: Volume 2: Chapter III","8/12/19"
"Friends: Season 10: The One Where Ross Is Fine","8/12/19"
"Dear White People: Volume 2: Chapter II","8/11/19"
"Patriot Act with Hasan Minhaj: Volume 4: Fentanyl","8/11/19"
"Rocko's Modern Life: Static Cling","8/10/19"
"Dear White People: Volume 2: Chapter I","8/9/19"
"Dear White People: Volume 1: Chapter X","8/9/19"
"Dear White People: Volume 1: Chapter IX","8/9/19"
"Dear White People: Volume 1: Chapter VIII","8/9/19"
"Dear White People: Volume 1: Chapter VII","8/6/19"
"Dear White People: Volume 1: Chapter VI","8/6/19"
"Dear White People: Volume 1: Chapter V","8/5/19"
"Dear White People: Volume 1: Chapter IV","8/5/19"
"Dear White People: Volume 1: Chapter III","8/5/19"
"Dear White People: Volume 1: Chapter II","8/4/19"
"Dear White People: Volume 1: Chapter I","8/4/19"
"Stranger Things: Stranger Things 3: Chapter Eight: The Battle of Starcourt","8/4/19"
"Stranger Things: Stranger Things 3: Chapter Seven: The Bite","8/4/19"
"Patriot Act with Hasan Minhaj: Volume 4: The Dark Side of the Video Game Industry","8/4/19"
"Friends: Season 10: The One After Joey and Rachel Kiss","8/1/19"
"Stranger Things: Stranger Things 3: Chapter Six: E Pluribus Unum","7/31/19"
"3Below: Tales of Arcadia: Part 2: A Glorious End, Part Two","7/29/19"
"3Below: Tales of Arcadia: Part 2: A Glorious End, Part One","7/29/19"
"Friends: Season 9: The One in Barbados","7/29/19"
"3Below: Tales of Arcadia: Part 2: Race to Trollmarket","7/28/19"
"Friends: Season 9: The One with the Donor","7/28/19"
"3Below: Tales of Arcadia: Part 2: The Big Sleep","7/28/19"
"3Below: Tales of Arcadia: Part 2: The Fall of House Tarron","7/28/19"
"3Below: Tales of Arcadia: Part 2: Luug's Day Out","7/27/19"
"3Below: Tales of Arcadia: Part 2: Asteroid Rage","7/27/19"
"3Below: Tales of Arcadia: Part 2: There's Something About Gwen (of Gorbon)","7/27/19"
"3Below: Tales of Arcadia: Part 2: Ill Gotten Gains","7/27/19"
"3Below: Tales of Arcadia: Part 2: Mother's Day","7/27/19"
"3Below: Tales of Arcadia: Part 2: Dogfight Days of Summer","7/25/19"
"Friends: Season 9: The One with the Fertility Test","7/25/19"
"3Below: Tales of Arcadia: Part 2: Moonlight Run","7/24/19"
"Friends: Season 9: The One with the Soap Opera Party","7/23/19"
"3Below: Tales of Arcadia: Part 2: Moving Day","7/22/19"
"Money Heist: Part 3: Astray","7/21/19"
"Money Heist: Part 3: A Quick Vacation","7/21/19"
"Money Heist: Part 3: Everything Seemed Insignificant","7/21/19"
"Money Heist: Part 3: Boom, Boom, Ciao","7/21/19"
"Money Heist: Part 3: It's Dolphin Time","7/21/19"
"Money Heist: Part 3: 48 Meters Underground","7/21/19"
"Money Heist: Part 3: Aikido","7/21/19"
"Money Heist: Part 3: We're Back","7/21/19"
"Dark: Season 2: Endings and Beginnings","7/20/19"
"Dark: Season 2: The White Devil","7/20/19"
"Dark: Season 2: An Endless Cycle","7/20/19"
"Dark: Season 2: Lost and Found","7/20/19"
"Dark: Season 2: The Travelers","7/20/19"
"Dark: Season 2: Ghosts","7/20/19"
"Dark: Season 2: Dark Matter","7/20/19"
"Dark: Season 2: Beginnings and Endings","7/18/19"
"Aziz Ansari: RIGHT NOW","7/18/19"
"Stranger Things: Stranger Things 3: Chapter Five: The Flayed","7/16/19"
"Stranger Things: Stranger Things 3: Chapter Four: The Sauna Test","7/14/19"
"Stranger Things: Stranger Things 3: Chapter Three: The Case of the Missing Lifeguard","7/14/19"
"Stranger Things: Stranger Things 3: Chapter Two: The Mall Rats","7/14/19"
"Stranger Things: Stranger Things 3: Chapter One: Suzie, Do You Copy?","7/14/19"
"Breaking Bad: Season 5: Felina","7/8/19"
"Breaking Bad: Season 5: Granite State","7/8/19"
"Breaking Bad: Season 5: Ozymandias","7/7/19"
"Breaking Bad: Season 5: To'hajiilee","7/7/19"
"Breaking Bad: Season 5: Rabid Dog","7/6/19"
"Breaking Bad: Season 5: Confessions","7/6/19"
"Breaking Bad: Season 5: Buried","7/6/19"
"Breaking Bad: Season 5: Blood Money","7/6/19"
"Breaking Bad: Season 5: Gliding Over All","7/6/19"
"Breaking Bad: Season 5: Say My Name","7/5/19"
"Breaking Bad: Season 5: Buyout","7/3/19"
"Breaking Bad: Season 5: Dead Freight","7/2/19"
"Breaking Bad: Season 5: Fifty-One","7/2/19"
"Breaking Bad: Season 5: Hazard Pay","7/1/19"
"Breaking Bad: Season 5: Madrigal","7/1/19"
"Breaking Bad: Season 5: Live Free Or Die","6/30/19"
"Breaking Bad: Season 4: Face Off","6/30/19"
"Breaking Bad: Season 4: End Times","6/29/19"
"Breaking Bad: Season 4: Crawl Space","6/26/19"
"Breaking Bad: Season 4: Salud","6/25/19"
"Breaking Bad: Season 4: Bug","6/24/19"
"Breaking Bad: Season 4: Hermanos","6/22/19"
"Breaking Bad: Season 4: Problem Dog","6/18/19"
"Breaking Bad: Season 4: Cornered","6/18/19"
"Friends: Season 9: The One with Rachel's Dream","6/18/19"
"Breaking Bad: Season 4: Shotgun","6/16/19"
"Patriot Act with Hasan Minhaj: Volume 3: Why Your Internet Sucks","6/16/19"
"Breaking Bad: Season 4: Bullet Points","6/15/19"
"Breaking Bad: Season 4: Open House","6/15/19"
"Breaking Bad: Season 4: Thirty-Eight Snub","6/15/19"
"Breaking Bad: Season 4: Box Cutter","6/15/19"
"Black Mirror: Season 5: Rachel, Jack and Ashley Too","6/14/19"
"Black Mirror: Season 5: Smithereens","6/12/19"
"Friends: Season 9: The One with the Lottery","6/11/19"
"Patriot Act with Hasan Minhaj: Volume 3: Protests in Sudan","6/10/19"
"Black Mirror: Season 5: Striking Vipers","6/10/19"
"Breaking Bad: Season 3: Full Measure","6/8/19"
"Breaking Bad: Season 3: Half Measures","6/8/19"
"Breaking Bad: Season 3: Abiquiu","6/8/19"
"Breaking Bad: Season 3: Fly","6/8/19"
"Breaking Bad: Season 3: Kafkaesque","6/8/19"
"Breaking Bad: Season 3: I See You","6/6/19"
"Our Planet: Season 1: Jungles","6/5/19"
"Breaking Bad: Season 3: One Minute","6/3/19"
"Patriot Act with Hasan Minhaj: Volume 3: Indian Elections Update and the 1MDB Scandal","6/2/19"
"Breaking Bad: Season 3: Sunset","6/1/19"
"Breaking Bad: Season 3: Mas","6/1/19"
"Breaking Bad: Season 3: Green Light","6/1/19"
"Breaking Bad: Season 3: I.F.T.","6/1/19"
"Breaking Bad: Season 3: Caballo Sin Nombre","5/31/19"
"Breaking Bad: Season 3: No Más","5/28/19"
"Breaking Bad: Season 2: ABQ","5/27/19"
"Breaking Bad: Season 2: Phoenix","5/26/19"
"The Lonely Island Presents: The Unauthorized Bash Brothers Experience","5/26/19"
"Patriot Act with Hasan Minhaj: Volume 3: Cricket Corruption","5/26/19"
"Breaking Bad: Season 2: Mandala","5/26/19"
"Breaking Bad: Season 2: Over","5/26/19"
"Breaking Bad: Season 2: 4 Days Out","5/26/19"
"Breaking Bad: Season 2: Better Call Saul","5/25/19"
"Breaking Bad: Season 2: Negro y Azul","5/24/19"
"Patriot Act with Hasan Minhaj: Volume 3: The NRA's Global Impact","5/19/19"
"Patriot Act with Hasan Minhaj: Volume 3: Brazil, Corruption and the Rainforest","5/12/19"
"Tuca & Bertie: Season 1: SweetBeak","5/5/19"
"Tuca & Bertie: Season 1: The Jelly Lakes","5/5/19"
"Tuca & Bertie: Season 1: The New Bird","5/5/19"
"Tuca & Bertie: Season 1: Yeast Week","5/5/19"
"Tuca & Bertie: Season 1: The Open House","5/5/19"
"Tuca & Bertie: Season 1: Plumage","5/5/19"
"Tuca & Bertie: Season 1: The Sex Bugs","5/5/19"
"Tuca & Bertie: Season 1: The Deli Guy","5/4/19"
"Tuca & Bertie: Season 1: The Promotion","5/4/19"
"Tuca & Bertie: Season 1: The Sugar Bowl","5/3/19"
"The Umbrella Academy: Season 1: The White Violin","4/22/19"
"The Umbrella Academy: Season 1: Changes","4/22/19"
"The Umbrella Academy: Season 1: I Heard a Rumor","4/21/19"
"The Umbrella Academy: Season 1: The Day That Was","4/21/19"
"The Umbrella Academy: Season 1: The Day That Wasn't","4/21/19"
"The Umbrella Academy: Season 1: Number Five","4/21/19"
"The Umbrella Academy: Season 1: Man on the Moon","4/20/19"
"The Umbrella Academy: Season 1: Extra Ordinary","4/20/19"
"The Umbrella Academy: Season 1: Run Boy Run","4/19/19"
"The Umbrella Academy: Season 1: We Only See Each Other at Weddings and Funerals","4/19/19"
"Our Planet: Season 1: Frozen Worlds","4/16/19"
"Santa Clarita Diet: Season 3: The Cult of Sheila","4/15/19"
"Our Planet: Season 1: One Planet","4/14/19"
"Santa Clarita Diet: Season 3: Zombody","4/14/19"
"Santa Clarita Diet: Season 3: Forever!","4/14/19"
"Santa Clarita Diet: Season 3: A Specific Form of Recklessness","4/14/19"
"Santa Clarita Diet: Season 3: The Chicken and the Pear","4/13/19"
"Santa Clarita Diet: Season 3: Belle and Sebastian Protect the Head","4/13/19"
"Santa Clarita Diet: Season 3: More of a Cat Person","4/13/19"
"Santa Clarita Diet: Season 3: We Let People Die Every Day","4/13/19"
"Santa Clarita Diet: Season 3: Knighttime","4/13/19"
"Santa Clarita Diet: Season 3: Wuffenloaf","4/12/19"
"Unicorn Store","4/7/19"
"Friends: Season 9: The One with the Memorial Service","4/7/19"
"Friends: Season 9: The One with the Boob Job","4/7/19"
"Friends: Season 9: The One with the Mugging","4/7/19"
"Friends: Season 9: The One with the Blind Dates","4/6/19"
"Friends: Season 9: The One Where Monica Sings","4/6/19"
"Friends: Season 9: The One with Phoebe's Rats","4/1/19"
"Friends: Season 9: The One Where Rachel Goes Back to Work","4/1/19"
"On My Block: Season 2: Chapter Twenty","3/31/19"
"On My Block: Season 2: Chapter Nineteen","3/31/19"
"On My Block: Season 2: Chapter Eighteen","3/31/19"
"On My Block: Season 2: Chapter Seventeen","3/31/19"
"On My Block: Season 2: Chapter Sixteen","3/31/19"
"Friends: Season 9: The One with Christmas in Tulsa","3/31/19"
"On My Block: Season 2: Chapter Fifteen","3/30/19"
"On My Block: Season 2: Chapter Fourteen","3/30/19"
"On My Block: Season 2: Chapter Thirteen","3/30/19"
"On My Block: Season 2: Chapter Twelve","3/30/19"
"On My Block: Season 2: Chapter Eleven","3/30/19"
"Love, Death & Robots: Volume 1: THE SECRET WAR","3/21/19"
"Love, Death & Robots: Volume 1: ALTERNATE HISTORIES","3/21/19"
"Love, Death & Robots: Volume 1: ICE AGE","3/21/19"
"Love, Death & Robots: Volume 1: BLINDSPOT","3/20/19"
"Love, Death & Robots: Volume 1: ZIMA BLUE","3/20/19"
"Love, Death & Robots: Volume 1: LUCKY 13","3/20/19"
"Love, Death & Robots: Volume 1: FISH NIGHT","3/20/19"
"Love, Death & Robots: Volume 1: HELPING HAND","3/20/19"
"Love, Death & Robots: Volume 1: SHAPE-SHIFTERS","3/20/19"
"Love, Death & Robots: Volume 1: THE DUMP","3/20/19"
"Marvel's The Punisher: Season 2: The Whirlwind","3/19/19"
"Marvel's The Punisher: Season 2: Collision Course","3/19/19"
"Marvel's The Punisher: Season 2: The Abyss","3/19/19"
"Marvel's The Punisher: Season 2: The Dark Hearts of Men","3/18/19"
"A Series of Unfortunate Events: Season 3: The End","3/17/19"
"A Series of Unfortunate Events: Season 3: Penultimate Peril: Part 2","3/17/19"
"A Series of Unfortunate Events: Season 3: Penultimate Peril: Part 1","3/17/19"
"Love, Death & Robots: Volume 1: GOOD HUNTING","3/17/19"
"Love, Death & Robots: Volume 1: BEYOND THE AQUILA RIFT","3/17/19"
"Love, Death & Robots: Volume 1: WHEN THE YOGURT TOOK OVER","3/17/19"
"Marvel's The Punisher: Season 2: Flustercluck","3/17/19"
"Love, Death & Robots: Volume 1: SUCKER OF SOULS","3/17/19"
"Love, Death & Robots: Volume 1: SUITS","3/17/19"
"Marvel's The Punisher: Season 2: My Brother's Keeper","3/17/19"
"Patriot Act with Hasan Minhaj: Volume 2: Indian Elections","3/17/19"
"Love, Death & Robots: Volume 1: THE WITNESS","3/16/19"
"Love, Death & Robots: Volume 1: THREE ROBOTS","3/16/19"
"Love, Death & Robots: Volume 1: SONNIE'S EDGE","3/16/19"
"Marvel's The Punisher: Season 2: One Bad Day","3/16/19"
"Marvel's The Punisher: Season 2: Nakazat","3/12/19"
"Marvel's The Punisher: Season 2: One-Eyed Jacks","3/10/19"
"Patriot Act with Hasan Minhaj: Volume 2: Hip-hop and Streaming","3/10/19"
"Marvel's The Punisher: Season 2: Scar Tissue","3/9/19"
"Marvel's The Punisher: Season 2: Trouble the Water","3/9/19"
"A Series of Unfortunate Events: Season 3: Grim Grotto: Part 2","3/4/19"
"A Series of Unfortunate Events: Season 3: Grim Grotto: Part 1","3/3/19"
"Patriot Act with Hasan Minhaj: Volume 2: Civil Rights Under Trump","3/3/19"
"A Series of Unfortunate Events: Season 3: Slippery Slope: Part 2","3/1/19"
"Marvel's The Punisher: Season 2: Fight or Flight","2/27/19"
"A Series of Unfortunate Events: Season 3: Slippery Slope: Part 1","2/24/19"
"Patriot Act with Hasan Minhaj: Volume 2: Student Loans","2/24/19"
"The Dragon Prince: Season 2: Breathe","2/17/19"
"The Dragon Prince: Season 2: The Book of Destiny","2/17/19"
"The Dragon Prince: Season 2: Fire and Fury","2/17/19"
"The Dragon Prince: Season 2: Heart of a Titan","2/17/19"
"Patriot Act with Hasan Minhaj: Volume 2: Drug Pricing","2/17/19"
"The Dragon Prince: Season 2: Breaking the Seal","2/17/19"
"The Dragon Prince: Season 2: Voyage of the Ruthless","2/16/19"
"The Dragon Prince: Season 2: Smoke and Mirrors","2/16/19"
"The Dragon Prince: Season 2: Half Moon Lies","2/16/19"
"The Dragon Prince: Season 2: A Secret and a Spark","2/15/19"
"Russian Doll: Season 1: Ariadne","2/14/19"
"Russian Doll: Season 1: The Way Out","2/14/19"
"Russian Doll: Season 1: Reflection","2/10/19"
"Russian Doll: Season 1: Superiority Complex","2/10/19"
"Russian Doll: Season 1: Alan's Routine","2/10/19"
"Patriot Act with Hasan Minhaj: Volume 2: Censorship in China","2/10/19"
"Russian Doll: Season 1: A Warm Body","2/8/19"
"Russian Doll: Season 1: The Great Escape","2/6/19"
"Russian Doll: Season 1: Nothing in This World Is Easy","2/4/19"
"Marvel's The Punisher: Season 2: Roadhouse Blues","1/29/19"
"Ozark: Season 1: The Toll","1/28/19"
"FYRE: The Greatest Party That Never Happened","1/27/19"
"The Good Place: Season 3: Pandemonium","1/27/19"
"Ozark: Season 1: Coffee, Black","1/24/19"
"Ozark: Season 1: Kaleidoscope","1/23/19"
"The Good Place: Season 3: Chidi Sees the Time-Knife","1/20/19"
"Ozark: Season 1: Nest Box","1/16/19"
"Narcos: Mexico: Season 1: Leyenda","1/14/19"
"Narcos: Mexico: Season 1: 881 Lope de Vega","1/12/19"
"The Good Place: Season 3: The Book of Dougs","1/12/19"
"Ozark: Season 1: Book of Ruth","1/10/19"
"Friends: Season 9: The One with Rachel's Phone Number","1/9/19"
"Ozark: Season 1: Ruling Days","1/8/19"
"Ozark: Season 1: Tonight We Improvise","1/7/19"
"Friends: Season 9: The One with Rachel's Other Sister","1/7/19"
"Friends: Season 9: The One with Ross' Inappropriate Song","1/6/19"
"Elite: Season 1: Assilah","1/5/19"
"Elite: Season 1: Everything Explodes","1/3/19"
"Elite: Season 1: Everything Will Be Okay","1/3/19"
"Friends: Season 9: The One with the Male Nanny","1/3/19"
"Elite: Season 1: Everyone Lies","1/2/19"
"Elite: Season 1: Love is a Drug","1/2/19"
"Elite: Season 1: Saturday Night","1/2/19"
"Friends: Season 9: The One with Phoebe's Birthday Dinner","1/2/19"
"Elite: Season 1: Desire","1/1/19"
"Elite: Season 1: Welcome","1/1/19"
"Friends: Season 9: The One with the Sharks","1/1/19"
"Ozark: Season 1: My Dripping Sleep","1/1/19"
"Taylor Swift reputation Stadium Tour","1/1/19"
"Friends: Season 9: The One with the Pediatrician","1/1/19"
"The Haunting of Hill House: Silence Lay Steadily","12/31/18"
"Friends: Season 9: The One Where Emma Cries","12/31/18"
"Friends: Season 9: The One Where No One Proposes","12/31/18"
"The Haunting of Hill House: Screaming Meemies","12/30/18"
"The Haunting of Hill House: Witness Marks","12/30/18"
"Friends: Season 8: The One Where Rachel Has a Baby: Part 2","12/30/18"
"The Haunting of Hill House: Eulogy","12/29/18"
"The Haunting of Hill House: Two Storms","12/29/18"
"Friends: Season 8: The One Where Rachel Has a Baby: Part 1","12/29/18"
"The Haunting of Hill House: The Bent-Neck Lady","12/27/18"
"The Haunting of Hill House: The Twin Thing","12/24/18"
"The Haunting of Hill House: Touch","12/24/18"
"The Haunting of Hill House: Open Casket","12/24/18"
"The Haunting of Hill House: Steven Sees a Ghost","12/24/18"
"3Below: Tales of Arcadia: Part 1: Bad Omen","12/23/18"
"3Below: Tales of Arcadia: Part 1: Last Night on Earth","12/23/18"
"3Below: Tales of Arcadia: Part 1: Truth Be Told","12/23/18"
"3Below: Tales of Arcadia: Part 1: The Arcadian Job","12/23/18"
"3Below: Tales of Arcadia: Part 1: Lightning in a Bottle","12/23/18"
"3Below: Tales of Arcadia: Part 1: Party Crashers","12/23/18"
"3Below: Tales of Arcadia: Part 1: Flying the Coop","12/23/18"
"3Below: Tales of Arcadia: Part 1: D'aja Vu","12/23/18"
"3Below: Tales of Arcadia: Part 1: Collision Course","12/23/18"
"3Below: Tales of Arcadia: Part 1: Beetle Mania","12/22/18"
"3Below: Tales of Arcadia: Part 1: Mind Over Matter","12/22/18"
"3Below: Tales of Arcadia: Part 1: Terra Incognita Part Two","12/22/18"
"3Below: Tales of Arcadia: Part 1: Terra Incognita Part One","12/22/18"
"Travelers: Season 3: Protocol Omega","12/22/18"
"Travelers: Season 3: David","12/22/18"
"Travelers: Season 3: Archive","12/22/18"
"Travelers: Season 3: Trevor","12/21/18"
"Friends: Season 8: The One Where Rachel Is Late","12/21/18"
"Travelers: Season 3: Philip","12/19/18"
"Travelers: Season 3: Naomi","12/19/18"
"Travelers: Season 3: Perrow","12/19/18"
"Travelers: Season 3: Protocol 3","12/17/18"
"Travelers: Season 3: Yates","12/17/18"
"Travelers: Season 3: Ilsa","12/16/18"
"Friends: Season 8: The One with the Cooking Class","12/13/18"
"Narcos: Mexico: Season 1: Rafa, Rafa, Rafa!","12/12/18"
"Friends: Season 8: The One with the Baby Shower","12/8/18"
"Friends: Season 8: The One with Joey's Interview","12/8/18"
"Friends: Season 8: The One in Massapequa","12/8/18"
"The Good Place: Season 3: Janet(s)","12/8/18"
"Friends: Season 8: The One with the Tea Leaves","12/6/18"
"Friends: Season 8: The One Where Joey Tells Rachel","12/5/18"
"Friends: Season 8: The One with the Birthing Video","12/5/18"
"Friends: Season 8: The One with the Secret Closet","12/2/18"
"Friends: Season 8: The One Where Chandler Takes a Bath","12/2/18"
"Friends: Season 8: The One Where Joey Dates Rachel","12/2/18"
"Friends: Season 8: The One with the Creepy Holiday Card","12/2/18"
"Friends: Season 8: The One with Monica's Boots","12/1/18"
"Friends: Season 8: The One with the Rumor","11/29/18"
"Friends: Season 8: The One with the Stripper","11/27/18"
"Narcos: Mexico: Season 1: The Plaza System","11/25/18"
"Friends: Season 8: The One with the Stain","11/22/18"
"Friends: Season 8: The One with the Halloween Party","11/22/18"
"Friends: Season 8: The One with Rachel's Date","11/21/18"
"Friends: Season 8: The One with the Videotape","11/19/18"
"Friends: Season 8: The One Where Rachel Tells ...","11/19/18"
"Friends: Season 8: The One with the Red Sweater","11/18/18"
"The Good Place: Season 3: Don't Let the Good Life Pass You By","11/18/18"
"Narcos: Mexico: Season 1: Camelot","11/16/18"
"Friends: Season 8: The One After I Do","11/14/18"
"House of Cards: Season 6: Chapter 73","11/11/18"
"Friends: Season 7: The One with Chandler and Monica's Wedding: Part 2","11/11/18"
"Friends: Season 7: The One with Chandler and Monica's Wedding: Part 1","11/11/18"
"Friends: Season 7: The One with Chandler's Dad","11/11/18"
"Friends: Season 7: The One with the Vows","11/11/18"
"House of Cards: Season 6: Chapter 72","11/10/18"
"The Good Place: Season 3: The Worst Possible Use of Free Will","11/10/18"
"House of Cards: Season 6: Chapter 71","11/10/18"
"Friends: Season 7: The One with Rachel's Big Kiss","11/10/18"
"Friends: Season 7: The One with Ross and Monica's Cousin","11/10/18"
"Friends: Season 7: The One with Joey's Award","11/10/18"
"Friends: Season 7: The One with the Cheap Wedding Dress","11/10/18"
"Friends: Season 7: The One with the Truth About London","11/10/18"
"House of Cards: Season 6: Chapter 70","11/8/18"
"Friends: Season 7: The One with Joey's New Brain","11/8/18"
"House of Cards: Season 6: Chapter 69","11/7/18"
"Friends: Season 7: The One Where They All Turn Thirty","11/7/18"
"Friends: Season 7: The One Where Rosita Dies","11/7/18"
"Friends: Season 7: The One Where They're Up All Night","11/6/18"
"Friends: Season 7: The One with All the Cheesecakes","11/6/18"
"House of Cards: Season 6: Chapter 68","11/4/18"
"The Good Place: Season 3: A Fractured Inheritance","11/4/18"
"House of Cards: Season 6: Chapter 67","11/3/18"
"House of Cards: Season 6: Chapter 66","11/2/18"
"Marvel's Daredevil: Season 3: A New Napkin","11/2/18"
"Marvel's Daredevil: Season 3: One Last Shot","11/2/18"
"Marvel's Daredevil: Season 3: Reunion","11/2/18"
"Marvel's Daredevil: Season 3: Karen","11/1/18"
"Marvel's Daredevil: Season 3: Revelations","11/1/18"
"Marvel's Daredevil: Season 3: Upstairs/Downstairs","11/1/18"
"Marvel's Daredevil: Season 3: Aftermath","10/31/18"
"Marvel's Daredevil: Season 3: The Devil You Know","10/30/18"
"Friends: Season 7: The One with the Holiday Armadillo","10/30/18"
"Friends: Season 7: The One with All the Candy","10/30/18"
"Friends: Season 7: The One Where Chandler Doesn't Like Dogs","10/29/18"
"Friends: Season 7: The One with Ross' Library Book","10/29/18"
"Marvel's Daredevil: Season 3: The Perfect Game","10/28/18"
"Marvel's Daredevil: Season 3: Blindsided","10/28/18"
"Friends: Season 7: The One with the Nap Partners","10/28/18"
"Friends: Season 7: The One with the Engagement Picture","10/28/18"
"Friends: Season 7: The One with Rachel's Assistant","10/28/18"
"Friends: Season 7: The One with Phoebe's Cookies","10/28/18"
"Friends: Season 7: The One with Rachel's Book","10/27/18"
"The Good Place: Season 3: The Ballad of Donkey Doug","10/27/18"
"Jack Whitehall: At Large","10/24/18"
"The Good Place: Season 3: Jeremy Bearimy","10/22/18"
"Marvel's Daredevil: Season 3: No Good Deed","10/21/18"
"Marvel's Daredevil: Season 3: Please","10/20/18"
"Marvel's Daredevil: Season 3: Resurrection","10/20/18"
"The Good Place: Season 3: The Snowplow","10/14/18"
"Maniac: Limited Series: Option C","10/8/18"
"Maniac: Limited Series: Utangatta","10/8/18"
"Maniac: Limited Series: The Lake of the Clouds","10/7/18"
"Maniac: Limited Series: Ceci N'est Pas Une Drill","10/7/18"
"The Good Place: Season 3: The Brainy Bunch","10/7/18"
"The Good Place: Season 3: Everything is Bonzer","10/6/18"
"Maniac: Limited Series: Larger Structural Issues","10/4/18"
"Atypical: Season 2: Ernest Shackleton's Rules for Survival","10/2/18"
"Maniac: Limited Series: Exactly Like You","9/30/18"
"Maniac: Limited Series: Furs by Sebastian","9/29/18"
"Maniac: Limited Series: Having a Day","9/28/18"
"Maniac: Limited Series: Windmills","9/28/18"
"Atypical: Season 2: Ritual-licious","9/25/18"
"Maniac: Limited Series: The Chosen One!","9/24/18"
"The Dragon Prince: Season 1: Wonderstorm","9/24/18"
"The Dragon Prince: Season 1: Cursed Caldera","9/23/18"
"Atypical: Season 2: Living at an Angle","9/23/18"
"Atypical: Season 2: The Smudging","9/23/18"
"The Dragon Prince: Season 1: The Dagger and the Wolf","9/23/18"
"The Dragon Prince: Season 1: Through the Ice","9/23/18"
"The Dragon Prince: Season 1: An Empty Throne","9/23/18"
"The Dragon Prince: Season 1: Bloodthirsty","9/23/18"
"The Dragon Prince: Season 1: Moonrise","9/22/18"
"The Dragon Prince: Season 1: What Is Done","9/22/18"
"The Dragon Prince: Season 1: Echoes of Thunder","9/22/18"
"Paradise PD: Part 1: Christmas in Paradise","9/22/18"
"Paradise PD: Part 1: Parent Trap","9/21/18"
"Paradise PD: Part 1: Task Force","9/21/18"
"BoJack Horseman: Season 5: The Stopped Show","9/20/18"
"BoJack Horseman: Season 5: The Showstopper","9/20/18"
"BoJack Horseman: Season 5: Head in the Clouds","9/20/18"
"BoJack Horseman: Season 5: Ancient History","9/18/18"
"BoJack Horseman: Season 5: Mr. Peanutbutter's Boos","9/17/18"
"BoJack Horseman: Season 5: INT. SUB","9/16/18"
"BoJack Horseman: Season 5: Free Churro","9/15/18"
"BoJack Horseman: Season 5: The Amelia Earhart Story","9/15/18"
"BoJack Horseman: Season 5: BoJack the Feminist","9/15/18"
"BoJack Horseman: Season 5: Planned Obsolescence","9/15/18"
"BoJack Horseman: Season 5: The Dog Days Are Over","9/15/18"
"BoJack Horseman: Season 5: The Light Bulb Scene","9/15/18"
"Atypical: Season 2: In the Dragon's Lair","9/12/18"
"Atypical: Season 2: The Egg Is Pipping","9/12/18"
"Atypical: Season 2: Pants on Fire","9/11/18"
"Paradise PD: Part 1: Police Academy","9/10/18"
"Ozark: Season 1: Blue Cat","9/10/18"
"Atypical: Season 2: Little Dude and the Lion","9/10/18"
"Paradise PD: Part 1: Meet the Jabowskis","9/9/18"
"Ozark: Season 1: Sugarwood","9/9/18"
"Paradise PD: Part 1: Dungeons & Dragnet","9/9/18"
"Atypical: Season 2: Penguin Cam and Chill","9/9/18"
"Atypical: Season 2: Juiced!","9/9/18"
"Paradise PD: Part 1: Karla","9/9/18"
"Friends: Season 7: The One with Monica's Thunder","9/9/18"
"Orange Is the New Black: Season 6: Be Free","9/8/18"
"Archer: Season 9: A Discovery","9/8/18"
"Archer: Season 9: Comparative Wickedness of Civilized and Unenlightened Peoples","9/8/18"
"Paradise PD: Part 1: Black & Blue","9/7/18"
"Orange Is the New Black: Season 6: Double Trouble","9/5/18"
"Paradise PD: Part 1: Ass on the Line","9/5/18"
"Orange Is the New Black: Season 6: Well This Took a Dark Turn","9/4/18"
"Archer: Season 9: Some Remarks on Cannibalism","9/4/18"
"Archer: Season 9: Strange Doings in the Taboo Groves","9/4/18"
"Archer: Season 9: A Warrior in Costume","9/4/18"
"Archer: Season 9: Different Modes of Preparing the Fruit","9/3/18"
"Archer: Season 9: Disheartening Situation","9/3/18"
"Paradise PD: Part 1: Welcome to Paradise","9/2/18"
"Orange Is the New Black: Season 6: Chocolate Chip Nookie","9/1/18"
"Orange Is the New Black: Season 6: Break the String","8/31/18"
"Archer: Season 9: Strange Pilot","8/29/18"
"Disenchantment: Part 1: Dreamland Falls","8/28/18"
"Disenchantment: Part 1: To Thine Own Elf Be True","8/28/18"
"Orange Is the New Black: Season 6: Gordons","8/27/18"
"Disenchantment: Part 1: The Limits of Immortality","8/27/18"
"Orange Is the New Black: Season 6: Changing Winds","8/26/18"
"Disenchantment: Part 1: Love's Tender Rampage","8/26/18"
"Friends: Season 6: The One with the Proposal: Part 2","8/26/18"
"Friends: Season 6: The One with the Proposal: Part 1","8/26/18"
"Friends: Season 6: The One with the Ring","8/25/18"
"Orange Is the New Black: Season 6: State of the Uterus","8/25/18"
"Orange Is the New Black: Season 6: Mischief Mischief","8/25/18"
"Disenchantment: Part 1: Swamp and Circumstance","8/24/18"
"Orange Is the New Black: Season 6: I'm the Talking Ass","8/20/18"
"Disenchantment: Part 1: Faster, Princess! Kill! Kill!","8/20/18"
"Orange Is the New Black: Season 6: Look Out for Number One","8/19/18"
"Disenchantment: Part 1: Castle Party Massacre","8/19/18"
"Disenchantment: Part 1: The Princess of Darkness","8/19/18"
"Orange Is the New Black: Season 6: Sh*tstorm Coming","8/18/18"
"Disenchantment: Part 1: For Whom the Pig Oinks","8/18/18"
"Disenchantment: Part 1: A Princess, an Elf, and a Demon Walk Into a Bar","8/18/18"
"Orange Is the New Black: Season 6: Who Knows Better Than I","8/13/18"
"Friends: Season 6: The One Where Paul's the Man","8/12/18"
"Money Heist: Part 2: Episode 9","8/10/18"
"Money Heist: Part 2: Episode 8","8/9/18"
"Money Heist: Part 2: Episode 7","8/9/18"
"Money Heist: Part 2: Episode 6","8/7/18"
"Friends: Season 6: The One Where Ross Meets Elizabeth's Dad","8/7/18"
"Money Heist: Part 2: Episode 5","8/6/18"
"Money Heist: Part 2: Episode 4","8/6/18"
"Friends: Season 6: The One with Mac and C.H.E.E.S.E","8/6/18"
"Friends: Season 6: The One with Joey's Fridge","8/6/18"
"Money Heist: Part 2: Episode 3","8/5/18"
"Friends: Season 6: The One Where Ross Dates a Student","8/5/18"
"Friends: Season 6: The One with Unagi","8/5/18"
"Friends: Season 6: The One That Could Have Been: Part 2","8/5/18"
"Friends: Season 6: The One That Could Have Been: Part 1","8/4/18"
"Money Heist: Part 2: Episode 2","8/1/18"
"Friends: Season 6: The One Where Chandler Can't Cry","8/1/18"
"Money Heist: Part 2: Episode 1","7/31/18"
"Final Space: Season 1: Chapter Ten","7/29/18"
"Final Space: Season 1: Chapter Nine","7/29/18"
"Final Space: Season 1: Chapter Eight","7/29/18"
"Final Space: Season 1: Chapter Seven","7/29/18"
"Final Space: Season 1: Chapter Six","7/29/18"
"Final Space: Season 1: Chapter Five","7/29/18"
"Final Space: Season 1: Chapter Four","7/28/18"
"Final Space: Season 1: Chapter Three","7/28/18"
"Money Heist: Part 1: Episode 13","7/28/18"
"Money Heist: Part 1: Episode 12","7/28/18"
"Money Heist: Part 1: Episode 11","7/28/18"
"Money Heist: Part 1: Episode 10","7/28/18"
"Final Space: Season 1: Chapter Two","7/28/18"
"Final Space: Season 1: Chapter One","7/25/18"
"A Series of Unfortunate Events: Season 2: Carnivorous Carnival: Part 2","7/22/18"
"Money Heist: Part 1: Episode 9","7/22/18"
"Money Heist: Part 1: Episode 8","7/20/18"
"Money Heist: Part 1: Episode 7","7/20/18"
"Money Heist: Part 1: Episode 6","7/17/18"
"A Series of Unfortunate Events: Season 2: Carnivorous Carnival: Part 1","7/16/18"
"A Series of Unfortunate Events: Season 2: The Hostile Hospital: Part 2","7/15/18"
"A Series of Unfortunate Events: Season 2: The Hostile Hospital: Part 1","7/15/18"
"Money Heist: Part 1: Episode 5","7/15/18"
"Money Heist: Part 1: Episode 4","7/15/18"
"Money Heist: Part 1: Episode 3","7/15/18"
"Money Heist: Part 1: Episode 2","7/14/18"
"Friends: Season 6: The One with Rachel's Sister","7/14/18"
"Friends: Season 6: The One with the Joke","7/14/18"
"Friends: Season 6: The One with the Apothecary Table","7/14/18"
"Money Heist: Part 1: Episode 1","7/13/18"
"Friends: Season 6: The One with the Routine","7/13/18"
"Friends: Season 6: The One Where Ross Got High","7/9/18"
"Friends: Season 6: The One with Ross's Teeth","7/9/18"
"Friends: Season 6: The One Where Phoebe Runs","7/8/18"
"Friends: Season 6: The One on the Last Night","7/8/18"
"GLOW: Season 2: Every Potato Has a Receipt","7/7/18"
"GLOW: Season 2: Rosalie","7/7/18"
"GLOW: Season 2: The Good Twin","7/5/18"
"GLOW: Season 2: Nothing Shattered","7/5/18"
"A Series of Unfortunate Events: Season 2: The Vile Village: Part 2","7/4/18"
"GLOW: Season 2: Work the Leg","7/3/18"
"A Series of Unfortunate Events: Season 2: The Vile Village: Part 1","7/2/18"
"GLOW: Season 2: Perverts Are People, Too","7/1/18"
"GLOW: Season 2: Mother of All Matches","7/1/18"
"GLOW: Season 2: Concerned Women of America","7/1/18"
"GLOW: Season 2: Candy of the Year","7/1/18"
"GLOW: Season 2: Viking Funeral","6/30/18"
"Friends: Season 6: The One with Joey's Porsche","6/24/18"
"Friends: Season 6: The One Where Joey Loses His Insurance","6/23/18"
"Friends: Season 6: The One with Ross's Denial","6/23/18"
"Friends: Season 6: The One Where Ross Hugs Rachel","6/23/18"
"GLOW: Season 1: Money’s in the Chase","6/21/18"
"GLOW: Season 1: The Liberal Chokehold","6/21/18"
"GLOW: Season 1: Maybe It’s All the Disco","6/20/18"
"GLOW: Season 1: Live Studio Audience","6/20/18"
"GLOW: Season 1: This Is One of Those Moments","6/17/18"
"Friends: Season 6: The One After Vegas","6/17/18"
"Friends: Season 5: The One in Vegas: Part 2","6/16/18"
"Friends: Season 5: The One in Vegas: Part 1","6/16/18"
"GLOW: Season 1: Debbie Does Something","6/14/18"
"GLOW: Season 1: The Dusty Spur","6/14/18"
"Friends: Season 5: The One with Joey's Big Break","6/13/18"
"Friends: Season 5: The One with the Ball","6/12/18"
"Sense8: Season 2: Amor Vincit Omnia","6/9/18"
"Friends: Season 5: The One with the Ride-Along","6/5/18"
"Friends: Season 5: The One Where Ross Can't Flirt","6/5/18"
"Friends: Season 5: The One Where Rachel Smokes","6/4/18"
"Friends: Season 5: The One with Rachel's Inadvertent Kiss","6/3/18"
"Friends: Season 5: The One with the Cop","6/3/18"
"Trollhunters: Tales of Arcadia: Part 3: The Eternal Knight Pt. 2","6/1/18"
"Trollhunters: Tales of Arcadia: Part 3: The Eternal Knight Pt. 1","6/1/18"
"Trollhunters: Tales of Arcadia: Part 3: Jimhunters","6/1/18"
"Trollhunters: Tales of Arcadia: Part 3: A House Divided","5/29/18"
"Trollhunters: Tales of Arcadia: Part 3: In Good Hands","5/28/18"
"Friends: Season 5: The One with the Girl Who Hits Joey","5/28/18"
"Friends: Season 5: The One Where Everybody Finds Out","5/28/18"
"Friends: Season 5: The One with Joey's Bag","5/28/18"
"Trollhunters: Tales of Arcadia: Part 3: For the Glory of Merlin","5/28/18"
"Trollhunters: Tales of Arcadia: Part 3: The Oath","5/27/18"
"Trollhunters: Tales of Arcadia: Part 3: Parental Guidance","5/27/18"
"Friends: Season 5: The One with Chandler's Work Laugh","5/27/18"
"Friends: Season 5: The One with All the Resolutions","5/27/18"
"Trollhunters: Tales of Arcadia: Part 3: The Exorcism of Claire Nunez","5/27/18"
"Trollhunters: Tales of Arcadia: Part 3: So I'm Dating a Sorceress","5/27/18"
"Friends: Season 5: The One with the Inappropriate Sister","5/27/18"
"Friends: Season 5: The One with Ross's Sandwich","5/27/18"
"Friends: Season 5: The One with All the Thanksgivings","5/27/18"
"Trollhunters: Tales of Arcadia: Part 3: Bad Coffee","5/25/18"
"Trollhunters: Tales of Arcadia: Part 3: Arcadia's Most Wanted","5/25/18"
"Trollhunters: Tales of Arcadia: Part 3: Night Patroll","5/25/18"
"Friends: Season 5: The One Where Ross Moves In","5/25/18"
"A Series of Unfortunate Events: Season 2: The Ersatz Elevator: Part 2","5/23/18"
"The Joel McHale Show with Joel McHale: Season 1 Part 1: A Bacon of Hope","5/14/18"
"A Series of Unfortunate Events: Season 2: The Ersatz Elevator: Part 1","5/10/18"
"Friends: Season 5: The One with the Yeti","5/10/18"
"A Series of Unfortunate Events: Season 2: The Austere Academy: Part 2","5/8/18"
"Friends: Season 5: The One with the Kips","5/8/18"
"Friends: Season 5: The One Where Phoebe Hates PBS","5/3/18"
"Friends: Season 5: The One Hundredth","5/2/18"
"Friends: Season 5: The One with All the Kissing","5/2/18"
"A Series of Unfortunate Events: Season 2: The Austere Academy: Part 1","4/26/18"
"The Crown: Season 2: Mystery Man","4/18/18"
"The Crown: Season 2: Paterfamilias","4/16/18"
"The Crown: Season 2: Dear Mrs. Kennedy","4/15/18"
"Santa Clarita Diet: Season 2: Halibut!","3/31/18"
"Santa Clarita Diet: Season 2: Suspicious Objects","3/31/18"
"Santa Clarita Diet: Season 2: Easels and War Paint","3/30/18"
"Santa Clarita Diet: Season 2: A Change of Heart","3/30/18"
"Santa Clarita Diet: Season 2: Pasión","3/30/18"
"Santa Clarita Diet: Season 2: Going Pre-med","3/30/18"
"Santa Clarita Diet: Season 2: The Queen of England","3/30/18"
"Santa Clarita Diet: Season 2: Moral Gray Area","3/30/18"
"Santa Clarita Diet: Season 2: Coyote in Yoga Pants","3/30/18"
"Santa Clarita Diet: Season 2: No Family is Perfect","3/29/18"
"Friends: Season 5: The One After Ross Says Rachel","3/27/18"
"The Crown: Season 2: Matrimonium","3/25/18"
"Friends: Season 4: The One with Ross's Wedding: Part 2","3/25/18"
"Friends: Season 4: The One with Ross's Wedding: Part 1","3/25/18"
"Friends: Season 4: The One with the Worst Best Man Ever","3/25/18"
"Friends: Season 4: The One with the Invitation","3/25/18"
"Friends: Season 4: The One with the Wedding Dresses","3/25/18"
"Friends: Season 4: The One with All the Haste","3/25/18"
"On My Block: Season 1: Chapter Ten","3/24/18"
"On My Block: Season 1: Chapter Nine","3/24/18"
"On My Block: Season 1: Chapter Eight","3/24/18"
"On My Block: Season 1: Chapter Seven","3/24/18"
"Friends: Season 4: The One with Rachel's New Dress","3/24/18"
"Friends: Season 4: The One with the Free Porn","3/24/18"
"Friends: Season 4: The One with the Fake Party","3/24/18"
"Friends: Season 4: The One with All the Rugby","3/24/18"
"On My Block: Season 1: Chapter Six","3/24/18"
"Friends: Season 4: The One with Joey's Dirty Day","3/24/18"
"On My Block: Season 1: Chapter Five","3/24/18"
"On My Block: Season 1: Chapter Four","3/23/18"
"On My Block: Season 1: Chapter Three","3/23/18"
"On My Block: Season 1: Chapter Two","3/23/18"
"On My Block: Season 1: Chapter One","3/22/18"
"Annihilation","3/21/18"
"Black Lightning: Season 1: LaWanda: The Book of Burial","3/20/18"
"Black Lightning: Season 1: LaWanda: The Book of Hope","3/20/18"
"Black Lightning: Season 1: The Resurrection","3/20/18"
"Friends: Season 4: The One with Rachel's Crush","3/19/18"
"Friends: Season 4: The One with the Embryos","3/19/18"
"Marvel's Jessica Jones: Season 2: AKA Sole Survivor","3/19/18"
"Marvel's Jessica Jones: Season 2: AKA Freak Accident","3/19/18"
"Altered Carbon: Season 1: The Killers","3/19/18"
"Altered Carbon: Season 1: Rage in Heaven","3/19/18"
"Altered Carbon: Season 1: Clash by Night","3/19/18"
"Altered Carbon: Season 1: Nora Inu","3/19/18"
"The Crown: Season 2: Vergangenheit","3/18/18"
"The Crown: Season 2: Marionettes","3/18/18"
"Altered Carbon: Season 1: Man with My Face","3/18/18"
"Friends: Season 4: The One with Phoebe's Uterus","3/18/18"
"Friends: Season 4: The One with the Girl from Poughkeepsie","3/18/18"
"Friends: Season 4: The One Where They're Going to Party","3/18/18"
"Friends: Season 4: The One with Chandler in a Box","3/18/18"
"Altered Carbon: Season 1: The Wrong Man","3/17/18"
"Altered Carbon: Season 1: Force of Evil","3/17/18"
"Love: Season 3: Catalina","3/16/18"
"Love: Season 3: Anniversary Party","3/16/18"
"Love: Season 3: The Cruikshanks","3/16/18"
"Love: Season 3: You're My Gran Torino","3/16/18"
"Love: Season 3: Stunt Show","3/16/18"
"Love: Season 3: Sarah from College","3/16/18"
"Love: Season 3: Directing","3/16/18"
"Love: Season 3: Bertie's Birthday","3/12/18"
"Love: Season 3: I'm Sick","3/12/18"
"The Crown: Season 2: Beryl","3/11/18"
"Friends: Season 4: The One Where Chandler Crosses the Line","3/11/18"
"Love: Season 3: Arya and Greg","3/11/18"
"Love: Season 3: Winners and Losers","3/11/18"
"Love: Season 3: Palm Springs Getaway","3/10/18"
"The Crown: Season 2: Lisbon","3/9/18"
"Marvel's Jessica Jones: Season 2: AKA Start at the Beginning","3/9/18"
"Marvel's Jessica Jones: Season 1: AKA Ladies Night","3/9/18"
"Friends: Season 4: The One with the Dirty Girl","3/9/18"
"Friends: Season 4: The One with Joey's New Girlfriend","3/9/18"
"The Crown: Season 2: A Company of Men","3/4/18"
"Friends: Season 4: The One with the Ballroom Dancing","3/4/18"
"Friends: Season 4: The One with the 'Cuffs","3/4/18"
"Friends: Season 4: The One with the Cat","3/4/18"
"Everything Sucks!: Season 1: We Were Merely Freshmen","3/3/18"
"Everything Sucks!: Season 1: My Friends Have Been Eaten by Spiders","3/3/18"
"Everything Sucks!: Season 1: I Just Wanna Be Anybody","3/3/18"
"Everything Sucks!: Season 1: Cheesecake to a Fat Man","3/3/18"
"Everything Sucks!: Season 1: Sometimes I Hear My Voice","3/3/18"
"Everything Sucks!: Season 1: What the Hell’s a Zarginda?","3/3/18"
"Everything Sucks!: Season 1: Romeo & Juliet in Space","3/3/18"
"Everything Sucks!: Season 1: All That and a Bag of Chips","3/3/18"
"Everything Sucks!: Season 1: Maybe You’re Gonna Be the One That Saves Me","3/3/18"
"Everything Sucks!: Season 1: Plutonium","3/2/18"
"The Crown: Season 2: Misadventure","2/28/18"
"Friends: Season 4: The One with the Jellyfish","2/28/18"
"Friends: Season 3: The One at the Beach","2/28/18"
"Friends: Season 3: The One with the Ultimate Fighting Champion","2/25/18"
"Friends: Season 3: The One with Ross's Thing","2/25/18"
"Travelers: Season 2: 001","2/25/18"
"Travelers: Season 2: Simon","2/25/18"
"Friends: Season 3: The One with the Screamer","2/25/18"
"Friends: Season 3: The One with a Chick. And a Duck","2/25/18"
"Friends: Season 3: The One with the Dollhouse","2/25/18"
"Friends: Season 3: The One with the Tiny T-Shirt","2/25/18"
"Friends: Season 3: The One with the Hypnosis Tape","2/25/18"
"Travelers: Season 2: 21C","2/24/18"
"Friends: Season 3: The One Without the Ski Trip","2/24/18"
"Travelers: Season 2: Update","2/21/18"
"Friends: Season 3: The One The Morning After","2/21/18"
"Friends: Season 3: The One Where Ross & Rachel Take a Break","2/21/18"
"Travelers: Season 2: Traveler 0027","2/19/18"
"Travelers: Season 2: 17 Minutes","2/18/18"
"Travelers: Season 2: U235","2/18/18"
"The Joel McHale Show with Joel McHale: Season 1 Part 1: Pickler, Pebbles, Pillows and Priestley","2/18/18"
"Friends: Season 3: The One with Phoebe's Ex-Partner","2/18/18"
"Friends: Season 3: The One Where Monica & Richard Are Just Friends","2/18/18"
"Friends: Season 3: The One with All the Jealousy","2/17/18"
"Friends: Season 3: The One Where Chandler Can't Remember Which Sister","2/17/18"
"Friends: Season 3: The One Where Rachel Quits","2/17/18"
"Friends: Season 3: The One with the Football","2/17/18"
"Travelers: Season 2: Jenny","2/15/18"
"Friends: Season 3: The One with the Giant Poking Device","2/15/18"
"Friends: Season 3: The One with the Race Car Bed","2/15/18"
"Travelers: Season 2: 11:27","2/14/18"
"Friends: Season 3: The One with the Flashback","2/14/18"
"Friends: Season 3: The One with Frank Jr","2/14/18"
"Friends: Season 3: The One with the Metaphorical Tunnel","2/14/18"
"Friends: Season 3: The One with the Jam","2/14/18"
"Friends: Season 3: The One Where No One's Ready","2/14/18"
"Travelers: Season 2: Jacob","2/13/18"
"Friends: Season 3: The One with the Princess Leia Fantasy","2/13/18"
"Travelers: Season 2: PROTOCOL 4","2/12/18"
"Friends: Season 2: The One with Barry and Mindy's Wedding","2/12/18"
"Friends: Season 2: The One with the Chicken Pox","2/12/18"
"Friends: Season 2: The One with the Two Parties","2/12/18"
"Friends: Season 2: The One with the Bullies","2/12/18"
"Friends: Season 2: The One Where Old Yeller Dies","2/11/18"
"Friends: Season 2: The One Where Eddie Won't Go","2/11/18"
"Friends: Season 2: The One Where Dr. Ramoray Dies","2/11/18"
"Friends: Season 2: The One Where Eddie Moves In","2/11/18"
"Travelers: Season 2: Ave Machina","2/11/18"
"Travelers: Season 1: Grace","2/11/18"
"Travelers: Season 1: Marcy","2/10/18"
"Travelers: Season 1: Kathryn","2/10/18"
"Travelers: Season 1: Bishop","2/10/18"
"Travelers: Season 1: Donner","2/10/18"
"Travelers: Season 1: Protocol 5","2/10/18"
"Travelers: Season 1: Helios 685","2/10/18"
"Travelers: Season 1: Room 101","2/9/18"
"Friends: Season 2: The One Where Joey Moves Out","2/8/18"
"Friends: Season 2: The One Where Ross and Rachel...You Know","2/8/18"
"Travelers: Season 1: Hall","2/7/18"
"Travelers: Season 1: Aleksander","2/7/18"
"Friends: Season 2: The One with the Prom Video","2/5/18"
"Friends: Season 2: The One After the Super Bowl: Part 2","2/5/18"
"Friends: Season 2: The One After the Super Bowl: Part 1","2/5/18"
"The Good Place: Season 2: Somewhere Else","2/5/18"
"Travelers: Season 1: Protocol 6","2/3/18"
"Altered Carbon: Season 1: In a Lonely Place","2/3/18"
"Altered Carbon: Season 1: Fallen Angel","2/3/18"
"Altered Carbon: Season 1: Out of the Past","2/3/18"
"Friends: Season 2: The One with the Lesbian Wedding","1/31/18"
"Friends: Season 2: The One with Russ","1/31/18"
"Friends: Season 2: The One with Phoebe's Dad","1/31/18"
"Friends: Season 2: The One with the List","1/31/18"
"Travelers: Season 1: Pilot","1/30/18"
"Friends: Season 2: The One Where Ross Finds Out","1/30/18"
"Friends: Season 2: The One with the Baby on the Bus","1/30/18"
"Friends: Season 2: The One with Five Steaks and an Eggplant","1/28/18"
"Friends: Season 2: The One with Phoebe's Husband","1/28/18"
"Friends: Season 2: The One Where Heckles Dies","1/28/18"
"Friends: Season 2: The One with the Breast Milk","1/28/18"
"Friends: Season 2: The One with Ross's New Girlfriend","1/28/18"
"The Good Place: Season 2: The Burrito","1/28/18"
"Friends: Season 1: The One Where Rachel Finds Out","1/28/18"
"Friends: Season 1: The One with the Birth","1/28/18"
"Friends: Season 1: The One with the Ick Factor","1/26/18"
"Friends: Season 1: The One with the Fake Monica","1/25/18"
"Friends: Season 1: The One with the Evil Orthodontist","1/25/18"
"Friends: Season 1: The One Where the Monkey Gets Away","1/24/18"
"Friends: Season 1: The One with All the Poker","1/23/18"
"Friends: Season 1: The One with the Two Parts: Part 2","1/23/18"
"Friends: Season 1: The One with the Two Parts: Part 1","1/23/18"
"Friends: Season 1: The One with the Stoned Guy","1/23/18"
"The Crown: Season 1: Gloriana","1/22/18"
"Friends: Season 1: The One with the Candy Hearts","1/22/18"
"Friends: Season 1: The One with the Boobies","1/22/18"
"Friends: Season 1: The One with the Dozen Lasagnas","1/21/18"
"Friends: Season 1: The One with Mrs. Bing","1/21/18"
"Friends: Season 1: The One with the Monkey","1/21/18"
"Friends: Season 1: The One Where Underdog Gets Away","1/21/18"
"Friends: Season 1: The One Where Nana Dies Twice","1/21/18"
"Friends: Season 1: The One with the Blackout","1/21/18"
"The Good Place: Season 2: Rhonda, Diana, Jake, and Trent","1/21/18"
"The Crown: Season 1: Assassins","1/20/18"
"The Crown: Season 1: Pride & Joy","1/19/18"
"Friends: Season 1: The One with the Butt","1/18/18"
"Friends: Season 1: The One with the East German Laundry Detergent","1/18/18"
"Friends: Season 1: The One with George Stephanopoulos","1/18/18"
"The Crown: Season 1: Scientia Potentia Est","1/17/18"
"Friends: Season 1: The One with the Thumb","1/17/18"
"Friends: Season 1: The One with the Sonogram at the End","1/17/18"
"Friends: Season 1: The One Where Monica Gets a Roommate (Pilot)","1/16/18"
"The Crown: Season 1: Gelignite","1/15/18"
"Lovesick: Season 3: Evie (Part Two)","1/15/18"
"Lovesick: Season 3: Tasha","1/15/18"
"The Good Place: Season 2: Best Self","1/14/18"
"The Crown: Season 1: Smoke and Mirrors","1/14/18"
"The Crown: Season 1: Act of God","1/13/18"
"The Crown: Season 1: Windsor","1/13/18"
"Black Mirror: Season 4: Black Museum","1/13/18"
"Black Mirror: Season 4: Metalhead","1/13/18"
"Black Mirror: Season 4: Hang the DJ","1/13/18"
"The End of the F***ing World: Season 1: Episode 8","1/13/18"
"The End of the F***ing World: Season 1: Episode 7","1/13/18"
"The End of the F***ing World: Season 1: Episode 6","1/12/18"
"The End of the F***ing World: Season 1: Episode 5","1/12/18"
"The End of the F***ing World: Season 1: Episode 4","1/12/18"
"The End of the F***ing World: Season 1: Episode 3","1/12/18"
"Lovesick: Season 3: Queen of Cups","1/10/18"
"Black Mirror: Season 4: Crocodile","1/9/18"
"The Good Place: Season 2: Leap to Faith","1/9/18"
"Marvel's The Punisher: Season 1: Memento Mori","1/8/18"
"Marvel's The Punisher: Season 1: Home","1/8/18"
"Lovesick: Season 3: Martha","1/8/18"
"Lovesick: Season 3: Evie","1/8/18"
"Marvel's The Punisher: Season 1: Danger Close","1/7/18"
"Marvel's The Punisher: Season 1: Virtue of the Vicious","1/7/18"
"Black Mirror: Season 4: Arkangel","1/7/18"
"The End of the F***ing World: Season 1: Episode 2","1/6/18"
"The End of the F***ing World: Season 1: Episode 1","1/6/18"
"Lovesick: Season 3: Abigail (Part 3)","1/4/18"
"Lovesick: Season 3: Bonnie","1/4/18"
"Lovesick: Season 3: Andi and Olivia","1/3/18"
"The Good Place: Season 2: Derek","1/2/18"
"The Good Place: Season 2: Janet and Michael","1/2/18"
"The Good Place: Season 2: The Trolley Problem","1/2/18"
"Marvel's The Punisher: Season 1: Front Toward Enemy","1/1/18"
"The Good Place: Season 2: Existential Crisis","1/1/18"
"The Good Place: Season 2: Team Cockroach","1/1/18"
"The Good Place: Season 2: Dance Dance Resolution","1/1/18"
"The Good Place: Season 2: Everything Is Great!","1/1/18"
"The Good Place: Season 1: Michael's Gambit","1/1/18"
"The Good Place: Season 1: Mindy St. Claire","1/1/18"
"The Good Place: Season 1: What's My Motivation","12/31/17"
"The Good Place: Season 1: Chidi's Choice","12/31/17"
"The Good Place: Season 1: ...Someone Like Me as a Member","12/31/17"
"The Good Place: Season 1: Most Improved Player","12/31/17"
"The Good Place: Season 1: The Eternal Shriek","12/31/17"
"The Good Place: Season 1: What We Owe to Each Other","12/31/17"
"Marvel's The Punisher: Season 1: Cold Steel","12/30/17"
"The Good Place: Season 1: Category 55 Emergency Doomsday Crisis","12/30/17"
"The Good Place: Season 1: Jason Mendoza","12/30/17"
"The Good Place: Season 1: Tahani Al-Jamil","12/30/17"
"The Good Place: Season 1: Flying","12/30/17"
"The Good Place: Season 1: Everything Is Fine","12/30/17"
"Black Mirror: Season 4: USS Callister","12/29/17"
"Marvel's The Punisher: Season 1: Crosshairs","12/27/17"
"Marvel's The Punisher: Season 1: The Judas Goat","12/26/17"
"Marvel's The Punisher: Season 1: Gunner","12/26/17"
"Marvel's The Punisher: Season 1: Resupply","12/26/17"
"Marvel's The Punisher: Season 1: Kandahar","12/25/17"
"Skylanders Academy: Season 1: The Hole Truth","12/24/17"
"Trollhunters: Tales of Arcadia: Part 2: In the Hall of the Gumm-Gumm King","12/22/17"
"Trollhunters: Tales of Arcadia: Part 2: Mistrial and Error","12/22/17"
"Trollhunters: Tales of Arcadia: Part 2: Unbecoming","12/22/17"
"Trollhunters: Tales of Arcadia: Part 2: The Reckless Club","12/22/17"
"Trollhunters: Tales of Arcadia: Part 2: Creepslayerz","12/22/17"
"Trollhunters: Tales of Arcadia: Part 2: Just Add Water","12/22/17"
"Trollhunters: Tales of Arcadia: Part 2: Hero with a Thousand Faces","12/21/17"
"Trollhunters: Tales of Arcadia: Part 2: Hiss Hiss, Bang Bang","12/21/17"
"Trollhunters: Tales of Arcadia: Part 2: Homecoming","12/21/17"
"Trollhunters: Tales of Arcadia: Part 2: KanjigAAARRRGGHH!!!","12/21/17"
"Trollhunters: Tales of Arcadia: Part 2: Grand Theft Otto","12/21/17"
"Trollhunters: Tales of Arcadia: Part 2: Skullcrusher","12/21/17"
"Trollhunters: Tales of Arcadia: Part 2: Escape from the Darklands","12/20/17"
"The Crown: Season 1: Hyde Park Corner","12/19/17"
"The Crown: Season 1: Wolferton Splash","12/10/17"
"Skylanders Academy: Season 1: Dream Girls","12/9/17"
"Skylanders Academy: Season 1: Missing Links","12/9/17"
"Dark: Season 1: Alpha and Omega","12/7/17"
"Dark: Season 1: Everything Is Now","12/7/17"
"Dark: Season 1: As You Sow, so You Shall Reap","12/7/17"
"Dark: Season 1: Crossroads","12/5/17"
"Dark: Season 1: Sic Mundus Creatus Est","12/4/17"
"Dark: Season 1: Truths","12/4/17"
"Dark: Season 1: Double Lives","12/3/17"
"Dark: Season 1: Past and Present","12/3/17"
"Dark: Season 1: Lies","12/3/17"
"Skylanders Academy: Season 1: My Way or the Sky Way","12/2/17"
"Dark: Season 1: Secrets","12/2/17"
"Skylanders Academy: Season 1: Skylanders Unite!","12/2/17"
"MINDHUNTER: Season 1: Episode 10","12/2/17"
"MINDHUNTER: Season 1: Episode 9","12/2/17"
"MINDHUNTER: Season 1: Episode 8","12/2/17"
"MINDHUNTER: Season 1: Episode 7","12/2/17"
"MINDHUNTER: Season 1: Episode 6","12/2/17"
"MINDHUNTER: Season 1: Episode 5","12/2/17"
"Easy: Season 1: Utopia","12/1/17"
"MINDHUNTER: Season 1: Episode 4","11/26/17"
"Marvel's The Punisher: Season 1: Two Dead Men","11/18/17"
"Marvel's The Punisher: Season 1: 3AM","11/18/17"
"MINDHUNTER: Season 1: Episode 3","11/7/17"
"MINDHUNTER: Season 1: Episode 2","11/5/17"
"MINDHUNTER: Season 1: Episode 1","11/4/17"
"Stranger Things: Stranger Things 2: Chapter Nine: The Gate","11/3/17"
"Stranger Things: Stranger Things 2: Chapter Eight: The Mind Flayer","11/3/17"
"Narcos: Season 3: Going Back to Cali","11/1/17"
"Breaking Bad: Season 2: Peekaboo","10/9/17"
"Breaking Bad: Season 2: Breakage","10/7/17"
"GLOW: Season 1: The Wrath of Kuntar","9/28/17"
"American Vandal: Season 1: Clean Up","9/21/17"
"American Vandal: Season 1: Climax","9/21/17"
"American Vandal: Season 1: Gag Order","9/21/17"
"BoJack Horseman: Season 4: What Time Is It Right Now","9/21/17"
"BoJack Horseman: Season 4: Time's Arrow","9/21/17"
"American Vandal: Season 1: Premature Theories","9/20/17"
"BoJack Horseman: Season 4: lovin that cali lifestyle!!","9/19/17"
"BoJack Horseman: Season 4: Ruthie","9/18/17"
"American Vandal: Season 1: Nailed","9/17/17"
"American Vandal: Season 1: A Limp Alibi","9/17/17"
"BoJack Horseman: Season 4: The Judge","9/17/17"
"BoJack Horseman: Season 4: Underground","9/16/17"
"BoJack Horseman: Season 4: Stupid Piece of Sh*t","9/16/17"
"BoJack Horseman: Season 4: Thoughts and Prayers","9/16/17"
"BoJack Horseman: Season 4: Commence Fracking","9/16/17"
"BoJack Horseman: Season 4: Hooray! Todd Episode!","9/16/17"
"BoJack Horseman: Season 4: The Old Sugarman Place","9/15/17"
"BoJack Horseman: Season 4: See Mr. Peanutbutter Run","9/15/17"
"Narcos: Season 3: The Kingpin Strategy","9/2/17"
"Master of None: Season 2: Buona Notte","8/31/17"
"Marvel's The Defenders: Limited Series: The Defenders","8/31/17"
"Marvel's The Defenders: Limited Series: Fish in the Jailhouse","8/28/17"
"Marvel's The Defenders: Limited Series: Ashes, Ashes","8/27/17"
"Wet Hot American Summer: Ten Years Later: Limited Series: End Summer Night's Dream","8/27/17"
"Marvel's The Defenders: Limited Series: Take Shelter","8/27/17"
"Marvel's The Defenders: Limited Series: Royal Dragon","8/26/17"
"Marvel's The Defenders: Limited Series: Worst Behavior","8/20/17"
"Marvel's The Defenders: Limited Series: Mean Right Hook","8/20/17"
"Marvel's The Defenders: Limited Series: The H Word","8/19/17"
"Atypical: Season 1: The Silencing Properties of Snow","8/18/17"
"Atypical: Season 1: I Lost My Poor Meatball","8/18/17"
"Atypical: Season 1: The D-Train to Bone Town","8/18/17"
"Atypical: Season 1: That’s My Sweatshirt","8/13/17"
"Atypical: Season 1: A Nice Neutral Smell","8/13/17"
"Atypical: Season 1: Julia Says","8/13/17"
"Atypical: Season 1: A Human Female","8/13/17"
"Wet Hot American Summer: Ten Years Later: Limited Series: Dance","8/13/17"
"Wet Hot American Summer: Ten Years Later: Limited Series: Rain","8/13/17"
"Atypical: Season 1: Antarctica","8/12/17"
"Wet Hot American Summer: Ten Years Later: Limited Series: King of Camp","8/12/17"
"Wet Hot American Summer: Ten Years Later: Limited Series: Lunch","8/10/17"
"Wet Hot American Summer: Ten Years Later: Limited Series: Tigerclaw","8/9/17"
"GLOW: Season 1: Slouch. Submit.","8/9/17"
"Wet Hot American Summer: Ten Years Later: Limited Series: Softball","8/7/17"
"Wet Hot American Summer: Ten Years Later: Limited Series: Reunion","8/7/17"
"Master of None: Season 2: Amarsi Un Po","8/6/17"
"Master of None: Season 2: Thanksgiving","8/6/17"
"GLOW: Season 1: Pilot","7/30/17"
"House of Cards: Season 5: Chapter 65","7/27/17"
"House of Cards: Season 5: Chapter 64","7/27/17"
"Friends from College: Season 1: Welcome to New York","7/16/17"
"Master of None: Season 2: Door #3","7/11/17"
"Master of None: Season 2: New York, I Love You","7/10/17"
"House of Cards: Season 5: Chapter 63","7/7/17"
"House of Cards: Season 5: Chapter 62","7/4/17"
"House of Cards: Season 5: Chapter 61","7/3/17"
"House of Cards: Season 5: Chapter 60","7/2/17"
"House of Cards: Season 5: Chapter 59","7/2/17"
"House of Cards: Season 5: Chapter 58","7/2/17"
"House of Cards: Season 5: Chapter 57","7/2/17"
"House of Cards: Season 5: Chapter 56","7/1/17"
"House of Cards: Season 5: Chapter 55","7/1/17"
"House of Cards: Season 5: Chapter 54","7/1/17"
"House of Cards: Season 5: Chapter 53","7/1/17"
"Master of None: Season 2: The Dinner Party","6/27/17"
"Sense8: Season 2: You Want a War?","6/25/17"
"Sense8: Season 2: If All the World's a Stage, Identity Is Nothing But a Costume","6/25/17"
"Sense8: Season 2: What Family Actually Means","6/25/17"
"Sense8: Season 2: All I Want Right Now Is One More Bullet","6/24/17"
"Sense8: Season 2: I Have No Room In My Heart For Hate","6/24/17"
"Orange Is the New Black: Season 5: Storm-y Weather","6/24/17"
"Orange Is the New Black: Season 5: Tattoo You","6/24/17"
"Orange Is the New Black: Season 5: Breaking the Fiberboard Ceiling","6/24/17"
"Orange Is the New Black: Season 5: The Reverse Midas Touch","6/24/17"
"Orange Is the New Black: Season 5: The Tightening","6/23/17"
"Orange Is the New Black: Season 5: Tied to the Tracks","6/23/17"
"Orange Is the New Black: Season 5: Full Bush, Half Snickers","6/22/17"
"Orange Is the New Black: Season 5: Flaming Hot Cheetos, Literally","6/17/17"
"Orange Is the New Black: Season 5: Sing It, White Effie","6/17/17"
"Orange Is the New Black: Season 5: Litchfield's Got Talent","6/17/17"
"Orange Is the New Black: Season 5: Pissters!","6/16/17"
"Orange Is the New Black: Season 5: F*ck, Marry, Frieda","6/16/17"
"Orange Is the New Black: Season 5: Riot FOMO","6/11/17"
"Love: Season 2: Back in Town","6/11/17"
"Sense8: Season 2: Isolated Above, Connected Below","5/15/17"
"Sense8: Season 2: Fear Never Fixed Anything","5/14/17"
"Sense8: Season 2: Polyphony","5/14/17"
"Love: Season 2: The Long D","5/13/17"
"Love: Season 2: Liberty Down","5/13/17"
"Love: Season 2: Housesitting","5/13/17"
"Love: Season 2: Marty Dobbs","5/13/17"
"Master of None: Season 2: The Thief","5/13/17"
"13 Reasons Why: Beyond the Reasons","5/12/17"
"13 Reasons Why: Season 1: Tape 7, Side A","5/12/17"
"13 Reasons Why: Season 1: Tape 6, Side B","5/12/17"
"Love: Season 2: The Work Party","5/12/17"
"Love: Season 2: Forced Hiatus","5/12/17"
"13 Reasons Why: Season 1: Tape 6, Side A","5/8/17"
"Love: Season 2: A Day","5/7/17"
"Sense8: Season 2: Obligate Mutualisms","5/7/17"
"Love: Season 2: Shrooms","5/6/17"
"Love: Season 2: While You Were Sleeping","5/6/17"
"Love: Season 2: Friends Night Out","5/6/17"
"Sense8: Season 2: Who Am I?","5/6/17"
"13 Reasons Why: Season 1: Tape 5, Side B","5/4/17"
"13 Reasons Why: Season 1: Tape 5, Side A","5/4/17"
"13 Reasons Why: Season 1: Tape 4, Side B","5/4/17"
"13 Reasons Why: Season 1: Tape 4, Side A","5/1/17"
"13 Reasons Why: Season 1: Tape 3, Side B","5/1/17"
"13 Reasons Why: Season 1: Tape 3, Side A","5/1/17"
"13 Reasons Why: Season 1: Tape 2, Side B","5/1/17"
"13 Reasons Why: Season 1: Tape 2, Side A","4/30/17"
"13 Reasons Why: Season 1: Tape 1, Side B","4/30/17"
"13 Reasons Why: Season 1: Tape 1, Side A","4/30/17"
"Love: Season 2: On Lockdown","4/30/17"
"Trollhunters: Tales of Arcadia: Part 1: Something Rotten This Way Comes","4/25/17"
"Trollhunters: Tales of Arcadia: Part 1: A Night to Remember","4/25/17"
"Trollhunters: Tales of Arcadia: Part 1: Angor Management","4/25/17"
"Trollhunters: Tales of Arcadia: Part 1: Wingmen","4/24/17"
"Trollhunters: Tales of Arcadia: Part 1: It's About Time","4/24/17"
"Trollhunters: Tales of Arcadia: Part 1: Party Monster","4/24/17"
"Trollhunters: Tales of Arcadia: Part 1: Where Is My Mind?","4/20/17"
"Trollhunters: Tales of Arcadia: Part 1: Airheads","4/20/17"
"Trollhunters: Tales of Arcadia: Part 1: The Shattered King","4/18/17"
"Trollhunters: Tales of Arcadia: Part 1: Blinky's Day Out","4/18/17"
"Trollhunters: Tales of Arcadia: Part 1: Roaming Fees May Apply","4/18/17"
"Trollhunters: Tales of Arcadia: Part 1: Mudslinging","4/17/17"
"Trollhunters: Tales of Arcadia: Part 1: Return of the Trollhunter","4/17/17"
"Trollhunters: Tales of Arcadia: Part 1: The Battle of Two Bridges","4/12/17"
"Trollhunters: Tales of Arcadia: Part 1: Claire and Present Danger","4/10/17"
"Trollhunters: Tales of Arcadia: Part 1: Recipe for Disaster","4/10/17"
"Trollhunters: Tales of Arcadia: Part 1: Young Atlas","3/29/17"
"Trollhunters: Tales of Arcadia: Part 1: Bittersweet Sixteen","3/28/17"
"Trollhunters: Tales of Arcadia: Part 1: Adventures in Trollsitting","3/16/17"
"Trollhunters: Tales of Arcadia: Part 1: To Catch a Changeling","3/15/17"
"Trollhunters: Tales of Arcadia: Part 1: Win Lose or Draal","3/14/17"
"Trollhunters: Tales of Arcadia: Part 1: Waka Chaka!","3/13/17"
"Trollhunters: Tales of Arcadia: Part 1: Gnome Your Enemy","3/13/17"
"Santa Clarita Diet: Season 1: Baka, Bile and Baseball Bats","3/11/17"
"Trollhunters: Tales of Arcadia: Part 1: Wherefore Art Thou, Trollhunter?","3/9/17"
"Santa Clarita Diet: Season 1: The Book!","3/6/17"
"Santa Clarita Diet: Season 1: How Much Vomit?","3/5/17"
"Santa Clarita Diet: Season 1: Strange or Just Inconsiderate?","3/5/17"
"Santa Clarita Diet: Season 1: Attention to Detail","3/5/17"
"Santa Clarita Diet: Season 1: Man Eat Man","3/4/17"
"Santa Clarita Diet: Season 1: The Farting Sex Tourist","3/4/17"
"Santa Clarita Diet: Season 1: We Can Kill People","2/28/17"
"Trollhunters: Tales of Arcadia: Part 1: Becoming: Part 2","2/27/17"
"A Series of Unfortunate Events: Season 1: The Miserable Mill: Part Two","2/8/17"
"A Series of Unfortunate Events: Season 1: The Miserable Mill: Part One","2/7/17"
"Santa Clarita Diet: Season 1: We Can't Kill People!","2/5/17"
"Santa Clarita Diet: Season 1: So Then a Bat or a Monkey","2/5/17"
"A Series of Unfortunate Events: Season 1: The Wide Window: Part Two","2/5/17"
"A Series of Unfortunate Events: Season 1: The Wide Window: Part One","1/31/17"
"Trollhunters: Tales of Arcadia: Part 1: Becoming: Part 1","1/31/17"
"A Series of Unfortunate Events: Season 1: The Reptile Room: Part Two","1/25/17"
"A Series of Unfortunate Events: Season 1: The Reptile Room: Part One","1/24/17"
"Brooklyn Nine-Nine: Season 2: Johnny and Dora","1/22/17"
"Brooklyn Nine-Nine: Season 2: The Chopper","1/22/17"
"Brooklyn Nine-Nine: Season 2: Det. Dave Majors","1/22/17"
"Brooklyn Nine-Nine: Season 2: AC/DC","1/22/17"
"Brooklyn Nine-Nine: Season 2: Sabotage","1/21/17"
"Brooklyn Nine-Nine: Season 2: Captain Peralta","1/21/17"
"Brooklyn Nine-Nine: Season 2: Boyle-Linetti Wedding","1/21/17"
"Brooklyn Nine-Nine: Season 2: The Wednesday Incident","1/20/17"
"Brooklyn Nine-Nine: Season 2: Windbreaker City","1/20/17"
"Brooklyn Nine-Nine: Season 2: The Defense Rests","1/19/17"
"Brooklyn Nine-Nine: Season 2: Payback","1/19/17"
"Brooklyn Nine-Nine: Season 2: Beach House","1/17/17"
"Brooklyn Nine-Nine: Season 2: Stakeout","1/17/17"
"Brooklyn Nine-Nine: Season 2: The Pontiac Bandit Returns","1/16/17"
"Brooklyn Nine-Nine: Season 2: The Road Trip","1/15/17"
"Brooklyn Nine-Nine: Season 2: USPIS","1/15/17"
"Brooklyn Nine-Nine: Season 2: Lockdown","1/15/17"
"A Series of Unfortunate Events: Season 1: The Bad Beginning: Part Two","1/14/17"
"A Series of Unfortunate Events: Season 1: The Bad Beginning: Part One","1/13/17"
"Brooklyn Nine-Nine: Season 2: Jake and Sophia","1/11/17"
"Brooklyn Nine-Nine: Season 2: The Mole","1/10/17"
"Brooklyn Nine-Nine: Season 2: Halloween II","1/10/17"
"Brooklyn Nine-Nine: Season 2: The Jimmy Jab Games","1/10/17"
"Brooklyn Nine-Nine: Season 2: Chocolate Milk","1/10/17"
"Brooklyn Nine-Nine: Season 2: Undercover","1/9/17"
"Brooklyn Nine-Nine: Season 1: Charges and Specs","1/9/17"
"Brooklyn Nine-Nine: Season 1: Unsolvable","1/9/17"
"Brooklyn Nine-Nine: Season 1: Fancy Brudgom","1/9/17"
"Brooklyn Nine-Nine: Season 1: Tactical Village","1/8/17"
"Brooklyn Nine-Nine: Season 1: The Apartment","1/8/17"
"Brooklyn Nine-Nine: Season 1: Full Boyle","1/8/17"
"Brooklyn Nine-Nine: Season 1: The Party","1/5/17"
"Brooklyn Nine-Nine: Season 1: Operation: Broken Feather","1/5/17"
"Brooklyn Nine-Nine: Season 1: The Ebony Falcon","1/5/17"
"Brooklyn Nine-Nine: Season 1: The Bet","1/4/17"
"Brooklyn Nine-Nine: Season 1: Pontiac Bandit","1/4/17"
"Brooklyn Nine-Nine: Season 1: Christmas","1/4/17"
"Brooklyn Nine-Nine: Season 1: Thanksgiving","1/3/17"
"Brooklyn Nine-Nine: Season 1: Sal's Pizza","1/3/17"
"Brooklyn Nine-Nine: Season 1: Old School","1/3/17"
"Brooklyn Nine-Nine: Season 1: 48 Hours","1/3/17"
"Brooklyn Nine-Nine: Season 1: Halloween","1/3/17"
"Brooklyn Nine-Nine: Season 1: The Vulture","1/3/17"
"Brooklyn Nine-Nine: Season 1: M.E. Time","1/3/17"
"Brooklyn Nine-Nine: Season 1: The Slump","1/2/17"
"Brooklyn Nine-Nine: Season 1: The Tagger","1/2/17"
"Brooklyn Nine-Nine: Season 1: Pilot","1/2/17"
"Dirk Gently's Holistic Detective Agency: Season 1: Two Sane Guys Doing Normal Things","12/29/16"
"Dirk Gently's Holistic Detective Agency: Season 1: Weaponized Soul","12/29/16"
"Dirk Gently's Holistic Detective Agency: Season 1: Fix Everything","12/29/16"
"Dirk Gently's Holistic Detective Agency: Season 1: Very Erectus","12/29/16"
"Dirk Gently's Holistic Detective Agency: Season 1: Watkin","12/28/16"
"Dirk Gently's Holistic Detective Agency: Season 1: Rogue Wall Enthusiasts","12/28/16"
"Dirk Gently's Holistic Detective Agency: Season 1: Lost & Found","12/28/16"
"Dirk Gently's Holistic Detective Agency: Season 1: Horizons","12/28/16"
"Sense8: Season 2: Happy F*cking New Year.","12/24/16"
"Lovesick: Season 2: Abigail (Part 2)","12/12/16"
"Lovesick: Season 2: Jonesy","12/12/16"
"Lovesick: Season 2: Emma","12/12/16"
"Lovesick: Season 2: Isabel","12/11/16"
"Lovesick: Season 2: Liv","12/6/16"
"Lovesick: Season 2: Amy","12/5/16"
"Lovesick: Season 2: Agata","12/5/16"
"Lovesick: Season 2: Frankie","12/4/16"
"Lovesick: Season 1: Phoebe","12/4/16"
"Easy: Season 1: Art and Life","12/3/16"
"Lovesick: Season 1: Bethany","11/30/16"
"Lovesick: Season 1: Jane","11/30/16"
"Lovesick: Season 1: Cressida","11/29/16"
"Lovesick: Season 1: Anna","11/29/16"
"Lovesick: Season 1: Abigail","11/28/16"
"Archer: Season 7: Deadly Velvet: Part II","11/27/16"
"Archer: Season 7: Deadly Velvet: Part I","11/24/16"
"Archer: Season 7: Liquid Lunch","11/23/16"
"Archer: Season 7: Double Indecency","11/23/16"
"Archer: Season 7: Bel Panto: Part II","11/21/16"
"Archer: Season 7: Bel Panto: Part I","11/21/16"
"Archer: Season 7: Motherless Child","11/21/16"
"Archer: Season 7: Deadly Prep","11/19/16"
"Archer: Season 7: The Handoff","11/19/16"
"Archer: Season 7: The Figgis Agency","11/15/16"
"Archer: Season 6: Drastic Voyage: Part II","11/9/16"
"Archer: Season 6: Drastic Voyage: Part I","11/8/16"
"Archer: Season 6: Achub Y Morfilod","11/8/16"
"Easy: Season 1: Controlada","11/4/16"
"Black Mirror: Season 1: The National Anthem","11/3/16"
"Black Mirror: Season 3: Hated in the Nation","11/3/16"
"Archer: Season 6: Reignition Sequence","11/2/16"
"Archer: Season 6: Pocket Listing","11/2/16"
"Archer: Season 6: The Kanes","11/2/16"
"Black Mirror: Season 3: Men Against Fire","10/28/16"
"Archer: Season 6: Nellis","10/27/16"
"Archer: Season 6: Sitting","10/27/16"
"Archer: Season 6: Vision Quest","10/26/16"
"Archer: Season 6: Edie's Wedding","10/25/16"
"Archer: Season 6: The Archer Sanction","10/25/16"
"Black Mirror: Season 3: San Junipero","10/24/16"
"Easy: Season 1: Brewery Brothers","10/23/16"
"Black Mirror: Season 3: Shut Up and Dance","10/23/16"
"Archer: Season 6: Three to Tango","10/23/16"
"Archer: Season 6: The Holdout","10/23/16"
"Black Mirror: Season 3: Playtest","10/22/16"
"Black Mirror: Season 3: Nosedive","10/21/16"
"Black Mirror: Season 2: White Christmas","10/20/16"
"Black Mirror: Season 2: The Waldo Moment","10/20/16"
"Archer: Season 5: Archer Vice: Arrival / Departure","10/20/16"
"Black Mirror: Season 2: White Bear","10/18/16"
"Archer: Season 5: Archer Vice: Filibuster","10/18/16"
"Archer: Season 5: Archer Vice: Palace Intrigue: Part II","10/18/16"
"Black Mirror: Season 2: Be Right Back","10/17/16"
"Marvel's Luke Cage: Season 1: You Know My Steez","10/16/16"
"Marvel's Luke Cage: Season 1: Soliloquy of Chaos","10/16/16"
"Marvel's Luke Cage: Season 1: Now You're Mine","10/16/16"
"Archer: Season 5: Archer Vice: Palace Intrigue: Part I","10/16/16"
"Archer: Season 5: Archer Vice: Baby Shower","10/16/16"
"Archer: Season 5: Archer Vice: On The Carpet","10/16/16"
"Archer: Season 5: Archer Vice: The Rules of Extraction","10/16/16"
"Marvel's Luke Cage: Season 1: Take It Personal","10/11/16"
"Marvel's Luke Cage: Season 1: DWYCK","10/9/16"
"Archer: Season 5: Archer Vice: Smugglers' Blues","10/9/16"
"Marvel's Luke Cage: Season 1: Blowin' Up the Spot","10/9/16"
"Archer: Season 5: Archer Vice: Southbound and Down","10/9/16"
"Archer: Season 5: Archer Vice: House Call","10/9/16"
"Archer: Season 5: Archer Vice: A Debt of Honor","10/9/16"
"Archer: Season 5: Archer Vice: A Kiss While Dying","10/9/16"
"Archer: Season 5: Archer Vice: White Elephant","10/9/16"
"Marvel's Luke Cage: Season 1: Manifest","10/8/16"
"Marvel's Luke Cage: Season 1: Suckas Need Bodyguards","10/8/16"
"Archer: Season 4: Sea Tunt: Part II","10/8/16"
"Archer: Season 4: Sea Tunt: Part I","10/8/16"
"Archer: Season 4: The Papal Chase","10/8/16"
"Marvel's Luke Cage: Season 1: Just to Get a Rep","10/7/16"
"Archer: Season 4: Un Chien Tangerine","10/7/16"
"Marvel's Luke Cage: Season 1: Step in the Arena","10/7/16"
"Marvel's Luke Cage: Season 1: Who's Gonna Take the Weight?","10/6/16"
"Marvel's Luke Cage: Season 1: Code of the Streets","10/4/16"
"Archer: Season 4: The Honeymooners","10/3/16"
"Marvel's Luke Cage: Season 1: Moment of Truth","9/30/16"
"Archer: Season 4: Coyote Lovely","9/29/16"
"Archer: Season 4: Live and Let Dine","9/29/16"
"Archer: Season 4: Once Bitten","9/26/16"
"Archer: Season 4: Viscous Coupling","9/26/16"
"Archer: Season 4: Midnight Ron","9/26/16"
"Easy: Season 1: Vegan Cinderella","9/25/16"
"Easy: Season 1: The F**king Study","9/25/16"
"Archer: Season 4: Legs","9/25/16"
"Archer: Season 4: The Wind Cries Mary","9/22/16"
"Archer: Season 4: Fugue and Riffs","9/22/16"
"Archer: Season 3: Space Race, Part 2","9/22/16"
"Archer: Season 3: Space Race, Part 1","9/22/16"
"Archer: Season 3: Skin Game","9/21/16"
"Archer: Season 3: Crossing Over","9/21/16"
"Archer: Season 3: Bloody Ferlin","9/21/16"
"Archer: Season 3: Lo Scandalo","9/21/16"
"Sense8: Season 1: I Can’t Leave Her","9/20/16"
"Archer: Season 3: Drift Problem","9/19/16"
"Archer: Season 3: The Limited","9/19/16"
"Archer: Season 3: El Contador","9/19/16"
"Archer: Season 3: The Man from Jupiter","9/19/16"
"Narcos: Season 2: Al Fin Cayó!","9/18/16"
"Narcos: Season 2: Nuestra Finca","9/18/16"
"Narcos: Season 2: Exit El Patrón","9/18/16"
"Archer: Season 3: Heart of Archness, Part 3","9/17/16"
"Archer: Season 3: Heart of Archness, Part 2","9/17/16"
"Archer: Season 3: Heart of Archness, Part 1","9/17/16"
"Archer: Season 2: Double Trouble","9/17/16"
"Archer: Season 2: White Nights","9/16/16"
"Archer: Season 2: Jeu Monégasque","9/16/16"
"Archer: Season 2: El Secuestro","9/14/16"
"Archer: Season 2: Placebo Effect","9/14/16"
"Sense8: Season 1: Just Turn the Wheel and the Future Changes","9/14/16"
"Sense8: Season 1: What Is Human?","9/12/16"
"Sense8: Season 1: Death Doesn’t Let You Say Goodbye","9/12/16"
"Sense8: Season 1: We Will All Be Judged by the Courage of Our Hearts","9/11/16"
"Sense8: Season 1: W. W. N. Double D?","9/10/16"
"Archer: Season 2: Stage Two","9/10/16"
"Archer: Season 2: Movie Star","9/10/16"
"Archer: Season 2: Tragical History","9/9/16"
"Archer: Season 2: The Double Deuce","9/9/16"
"Archer: Season 2: Pipeline Fever","9/7/16"
"Archer: Season 2: Blood Test","9/7/16"
"Archer: Season 2: A Going Concern","9/5/16"
"Archer: Season 2: Swiss Miss","9/5/16"
"Sense8: Season 1: Demons","9/5/16"
"Sense8: Season 1: Art Is Like Religion","9/5/16"
"Archer: Season 1: Dial M for Mother","9/4/16"
"Archer: Season 1: Job Offer","9/4/16"
"Archer: Season 1: The Rock","9/4/16"
"Narcos: Season 2: Free at Last","9/3/16"
"Narcos: Season 1: The Sword of Simón Bolívar","9/3/16"
"Archer: Season 1: Skytanic","9/1/16"
"Sense8: Season 1: What’s Going On?","8/31/16"
"Archer: Season 1: Skorpio","8/31/16"
"Archer: Season 1: Honeypot","8/31/16"
"Sense8: Season 1: Smart Money Is on the Skinny Bitch","8/30/16"
"BoJack Horseman: Season 3: That Went Well","8/29/16"
"BoJack Horseman: Season 3: That's Too Much, Man!","8/29/16"
"Black Mirror: Season 1: The Entire History of You","8/22/16"
"BoJack Horseman: Season 3: It's You","8/21/16"
"Black Mirror: Season 1: Fifteen Million Merits","8/21/16"
"BoJack Horseman: Season 3: Best Thing That Ever Happened","8/21/16"
"BoJack Horseman: Season 3: Old Acquaintance","8/21/16"
"BoJack Horseman: Season 3: Stop the Presses","8/20/16"
"Marvel's Daredevil: Season 2: A Cold Day in Hell's Kitchen","8/20/16"
"Marvel's Daredevil: Season 2: The Dark at the End of the Tunnel","8/20/16"
"Marvel's Daredevil: Season 2: .380","8/20/16"
"Marvel's Daredevil: Season 2: The Man in the Box","8/20/16"
"Marvel's Daredevil: Season 2: Seven Minutes in Heaven","8/20/16"
"BoJack Horseman: Season 3: Brrap Brrap Pew Pew","8/20/16"
"BoJack Horseman: Season 3: Love And/Or Marriage","8/20/16"
"Marvel's Daredevil: Season 2: Guilty as Sin","8/17/16"
"Marvel's Daredevil: Season 2: Semper Fidelis","8/17/16"
"Marvel's Daredevil: Season 2: Regrets Only","8/15/16"
"Marvel's Daredevil: Season 2: Kinbaku","8/14/16"
"Archer: Season 1: Pilot: Mole Hunt","8/14/16"
"BoJack Horseman: Season 3: Fish Out Of Water","8/14/16"
"Orange Is the New Black: Season 4: Toast Can’t Never Be Bread Again","8/9/16"
"Orange Is the New Black: Season 4: The Animals","8/8/16"
"Sense8: Season 1: I Am Also a We","8/7/16"
"Orange Is the New Black: Season 4: People Persons","8/7/16"
"Sense8: Season 1: Limbic Resonance","8/7/16"
"Orange Is the New Black: Season 4: Bunny, Skull, Bunny, Skull","8/2/16"
"BoJack Horseman: Season 3: BoJack Kills","7/31/16"
"Orange Is the New Black: Season 4: Turn Table Turn","7/31/16"
"BoJack Horseman: Season 3: The BoJack Horseman Show","7/24/16"
"Stranger Things: Chapter Eight: The Upside Down","7/23/16"
"BoJack Horseman: Season 3: Start Spreading the News","7/23/16"
"Stranger Things: Chapter Six: The Monster","7/23/16"
"Orange Is the New Black: Season 4: Friends in Low Places","7/16/16"
"Orange Is the New Black: Season 4: It Sounded Nicer in My Head","7/16/16"
"Orange Is the New Black: Season 4: Piece of Sh*t","7/16/16"
"Orange Is the New Black: Season 4: We’ll Always Have Baltimore","7/11/16"
"Orange Is the New Black: Season 4: Doctor Psycho","7/11/16"
"Orange Is the New Black: Season 4: (Don’t) Say Anything","7/4/16"
"Orange Is the New Black: Season 4: Power Suit","7/4/16"
"Orange Is the New Black: Season 4: Work That Body for Me","6/24/16"
"Orange Is the New Black: Season 1: I Wasn't Ready","6/24/16"
"House of Cards: Season 4: Chapter 52","4/10/16"
"House of Cards: Season 4: Chapter 51","4/10/16"
"House of Cards: Season 4: Chapter 50","4/10/16"
"House of Cards: Season 4: Chapter 49","4/9/16"
"The Ranch: Part 1: Some People Change","4/6/16"
"The Ranch: Part 1: Back Where I Come From","4/5/16"
"Marvel's Daredevil: Season 2: Penny and Dime","3/29/16"
"Marvel's Daredevil: Season 2: New York's Finest","3/28/16"
"Marvel's Daredevil: Season 2: Dogs to a Gunfight","3/28/16"
"Marvel's Daredevil: Season 2: Bang","3/28/16"
"Flaked: Season 1: Sunset","3/27/16"
"Flaked: Season 1: 7th","3/27/16"
"Flaked: Season 1: Shell","3/27/16"
"Flaked: Season 1: Electric","3/27/16"
"Flaked: Season 1: Palms","3/27/16"
"Flaked: Season 1: Rose","3/27/16"
"Flaked: Season 1: Horizon","3/27/16"
"Flaked: Season 1: Westminster","3/27/16"
"Marvel's Daredevil: Season 1: Into the Ring","3/19/16"
"Love: Season 1: The End of the Beginning","3/12/16"
"Love: Season 1: The Table Read","3/11/16"
"Love: Season 1: Closing Title Song","3/11/16"
"Love: Season 1: Magic","3/8/16"
"Love: Season 1: Andy","3/1/16"
"Love: Season 1: The Date","2/29/16"
"Love: Season 1: Party in the Hills","2/28/16"
"Love: Season 1: Tested","2/21/16"
"Love: Season 1: One Long Day","2/20/16"
"Love: Season 1: It Begins","2/20/16"
"Master of None: Season 1: Finale","2/12/16"
"Master of None: Season 1: Mornings","2/12/16"
"Black Sails: Season 2: X","1/21/16"
"Black Sails: Season 2: IX","1/19/16"
"Aziz Ansari Live at Madison Square Garden","1/12/16"
"Master of None: Season 1: Old People","1/10/16"
"Master of None: Season 1: Ladies and Gentlemen","1/10/16"
"Master of None: Season 1: Nashville","1/10/16"
"Master of None: Season 1: The Other Man","1/9/16"
"Master of None: Season 1: Parents","1/9/16"
"Master of None: Season 1: Plan B","1/9/16"
"Narcos: Season 1: Descenso","1/6/16"
"Elementary: Season 1: Pilot","1/6/16"
